customer_id,ticket_date,issue_type,resolved
TEL00004,2021-10-05,Plan change,Yes
TEL00005,2021-05-23,Network,Yes
TEL00007,2024-06-22,Billing,No
TEL00008,2024-03-21,Billing,Yes
TEL00008,2023-05-23,Billing,Yes
TEL00009,2024-05-24,Billing,No
TEL00010,2022-10-09,Network,No
TEL00011,2024-03-11,Plan change,Yes
TEL00012,2020-01-05,Network,Yes
TEL00013,2021-10-21,Billing,Yes
TEL00014,2024-06-30,Plan change,Yes
TEL00015,2023-02-12,Plan change,No
TEL00015,2022-03-14,Billing,No
TEL00015,2023-05-19,Network,No
TEL00016,2023-12-14,Network,Yes
TEL00021,2020-10-18,Billing,Yes
TEL00023,2023-06-22,Billing,Yes
TEL00023,2023-04-03,Other,Yes
TEL00025,2023-03-30,Network,Yes
TEL00027,2020-05-21,Plan change,Yes
TEL00028,2023-02-06,Billing,Yes
TEL00028,2023-08-20,Billing,Yes
TEL00029,2024-01-30,Billing,Yes
TEL00033,2021-08-07,Billing,No
TEL00038,2021-09-15,Billing,Yes
TEL00041,2021-11-02,Billing,Yes
TEL00041,2023-04-20,Network,No
TEL00041,2023-03-29,Plan change,Yes
TEL00043,2023-12-28,Billing,Yes
TEL00043,2021-11-18,Other,No
TEL00044,2024-02-24,Billing,Yes
TEL00044,2024-01-15,Other,Yes
TEL00046,2022-05-08,Billing,Yes
TEL00046,2022-03-05,Device,Yes
TEL00047,2024-03-09,Network,Yes
TEL00048,2024-05-16,Billing,Yes
TEL00049,2023-02-09,Device,Yes
TEL00049,2021-12-11,Plan change,Yes
TEL00051,2024-03-20,Billing,Yes
TEL00052,2022-01-10,Billing,Yes
TEL00053,2023-03-05,Network,Yes
TEL00053,2022-01-27,Other,Yes
TEL00054,2024-03-10,Network,No
TEL00055,2022-10-17,Billing,Yes
TEL00055,2022-02-16,Plan change,Yes
TEL00055,2023-06-29,Network,Yes
TEL00056,2019-09-19,Billing,Yes
TEL00056,2024-06-20,Other,Yes
TEL00057,2022-08-12,Network,Yes
TEL00057,2021-07-04,Plan change,Yes
TEL00058,2022-08-31,Network,Yes
TEL00058,2022-10-10,Device,Yes
TEL00060,2024-02-10,Billing,Yes
TEL00060,2021-09-28,Network,Yes
TEL00065,2023-08-29,Network,No
TEL00065,2020-07-21,Billing,No
TEL00067,2023-12-31,Network,Yes
TEL00068,2023-08-01,Network,Yes
TEL00068,2023-10-31,Device,Yes
TEL00071,2020-01-19,Network,Yes
TEL00073,2024-01-14,Billing,Yes
TEL00074,2024-04-18,Network,Yes
TEL00076,2024-06-30,Plan change,Yes
TEL00076,2024-06-30,Network,Yes
TEL00077,2024-06-29,Billing,No
TEL00078,2021-09-07,Device,Yes
TEL00078,2020-10-04,Network,Yes
TEL00079,2020-09-26,Plan change,No
TEL00080,2024-01-25,Other,Yes
TEL00081,2024-02-07,Network,Yes
TEL00083,2021-07-23,Device,Yes
TEL00084,2022-03-06,Device,Yes
TEL00085,2024-05-09,Device,Yes
TEL00085,2024-02-22,Network,Yes
TEL00085,2023-10-21,Network,Yes
TEL00085,2023-09-06,Billing,Yes
TEL00088,2022-11-24,Network,Yes
TEL00089,2022-10-19,Network,Yes
TEL00090,2022-08-03,Billing,Yes
TEL00090,2024-06-24,Billing,Yes
TEL00091,2024-06-21,Billing,Yes
TEL00094,2024-06-06,Other,Yes
TEL00094,2024-05-19,Plan change,Yes
TEL00095,2024-01-19,Other,Yes
TEL00096,2022-04-29,Billing,No
TEL00097,2020-10-24,Network,No
TEL00097,2022-10-13,Network,Yes
TEL00097,2022-01-09,Billing,No
TEL00098,2023-05-02,Network,Yes
TEL00100,2021-04-03,Network,No
TEL00100,2021-05-31,Network,No
TEL00100,2021-05-09,Billing,Yes
TEL00101,2023-01-28,Network,No
TEL00105,2024-04-27,Plan change,Yes
TEL00105,2024-05-08,Network,Yes
TEL00105,2024-03-18,Billing,Yes
TEL00105,2024-03-24,Billing,Yes
TEL00106,2024-03-11,Device,Yes
TEL00108,2023-12-25,Device,No
TEL00111,2023-12-28,Billing,No
TEL00111,2024-03-12,Device,Yes
TEL00112,2023-09-19,Device,Yes
TEL00113,2022-08-22,Billing,Yes
TEL00117,2023-11-09,Network,Yes
TEL00121,2024-05-11,Billing,Yes
TEL00123,2023-11-21,Billing,Yes
TEL00125,2023-06-01,Billing,No
TEL00125,2023-06-15,Device,Yes
TEL00125,2022-01-30,Network,Yes
TEL00127,2021-10-15,Network,Yes
TEL00127,2020-03-14,Billing,Yes
TEL00127,2022-05-22,Network,Yes
TEL00128,2023-11-25,Plan change,Yes
TEL00128,2023-09-08,Billing,Yes
TEL00128,2024-04-06,Device,Yes
TEL00128,2023-08-06,Network,Yes
TEL00128,2024-01-24,Plan change,Yes
TEL00129,2024-06-29,Other,Yes
TEL00130,2023-09-07,Other,Yes
TEL00130,2022-05-21,Billing,Yes
TEL00131,2023-03-19,Device,No
TEL00131,2024-06-27,Billing,Yes
TEL00132,2023-12-21,Device,Yes
TEL00132,2023-04-02,Billing,Yes
TEL00133,2024-05-14,Billing,Yes
TEL00136,2024-03-15,Network,Yes
TEL00136,2024-06-22,Network,Yes
TEL00136,2024-04-20,Plan change,Yes
TEL00137,2023-07-18,Billing,No
TEL00139,2022-08-27,Device,Yes
TEL00140,2023-11-11,Billing,Yes
TEL00141,2024-06-30,Billing,Yes
TEL00141,2024-06-30,Network,Yes
TEL00142,2024-03-02,Plan change,Yes
TEL00142,2023-04-22,Network,Yes
TEL00142,2023-03-26,Other,Yes
TEL00145,2022-03-10,Network,Yes
TEL00146,2022-01-02,Device,No
TEL00147,2024-06-29,Billing,Yes
TEL00147,2024-02-01,Network,Yes
TEL00149,2021-09-19,Network,No
TEL00152,2022-12-28,Network,No
TEL00153,2023-06-07,Network,Yes
TEL00157,2020-04-10,Plan change,Yes
TEL00157,2020-10-26,Network,Yes
TEL00158,2024-02-04,Network,Yes
TEL00159,2023-07-19,Billing,Yes
TEL00160,2023-10-17,Billing,No
TEL00160,2024-04-06,Plan change,Yes
TEL00160,2024-03-02,Network,Yes
TEL00160,2024-03-15,Network,Yes
TEL00161,2021-08-09,Billing,No
TEL00161,2022-12-20,Plan change,Yes
TEL00163,2021-02-19,Network,Yes
TEL00163,2024-02-18,Device,Yes
TEL00165,2023-08-04,Other,Yes
TEL00167,2024-06-14,Plan change,Yes
TEL00167,2024-04-19,Device,Yes
TEL00168,2023-12-03,Billing,Yes
TEL00169,2024-06-01,Billing,Yes
TEL00170,2024-04-23,Network,Yes
TEL00171,2023-08-19,Plan change,Yes
TEL00171,2021-09-23,Network,Yes
TEL00171,2019-05-18,Billing,Yes
TEL00172,2022-06-21,Billing,No
TEL00172,2022-05-09,Billing,No
TEL00173,2023-03-07,Billing,Yes
TEL00176,2024-01-28,Network,Yes
TEL00178,2023-07-17,Device,Yes
TEL00178,2022-06-05,Network,Yes
TEL00179,2023-04-07,Network,Yes
TEL00187,2021-08-11,Billing,Yes
TEL00187,2024-05-20,Plan change,Yes
TEL00187,2020-03-21,Network,No
TEL00187,2023-05-04,Billing,Yes
TEL00189,2022-01-16,Device,Yes
TEL00190,2023-12-04,Network,Yes
TEL00191,2023-12-10,Other,No
TEL00191,2022-10-15,Network,Yes
TEL00193,2024-06-23,Billing,Yes
TEL00195,2024-06-10,Plan change,Yes
TEL00195,2022-12-16,Device,Yes
TEL00196,2023-06-07,Billing,Yes
TEL00197,2022-02-01,Device,Yes
TEL00198,2024-06-24,Billing,Yes
TEL00199,2020-02-20,Billing,Yes
TEL00201,2022-08-04,Other,No
TEL00201,2024-06-21,Billing,Yes
TEL00202,2020-06-21,Device,No
TEL00203,2024-05-13,Device,Yes
TEL00204,2020-09-13,Network,Yes
TEL00206,2023-09-06,Network,Yes
TEL00207,2024-02-22,Billing,Yes
TEL00209,2023-10-28,Other,Yes
TEL00210,2021-07-03,Device,Yes
TEL00210,2023-01-23,Other,Yes
TEL00212,2022-06-29,Device,Yes
TEL00213,2024-05-19,Network,Yes
TEL00215,2023-07-13,Billing,No
TEL00215,2024-05-06,Network,Yes
TEL00217,2021-07-08,Network,Yes
TEL00218,2023-11-11,Network,Yes
TEL00219,2023-03-04,Billing,No
TEL00221,2022-12-09,Billing,Yes
TEL00221,2021-06-04,Billing,Yes
TEL00222,2021-12-06,Billing,Yes
TEL00223,2023-08-31,Billing,No
TEL00224,2023-01-27,Network,Yes
TEL00225,2023-06-18,Device,Yes
TEL00227,2024-02-27,Other,Yes
TEL00228,2022-07-24,Billing,Yes
TEL00229,2024-05-22,Billing,Yes
TEL00231,2023-05-26,Other,Yes
TEL00232,2020-10-03,Device,Yes
TEL00232,2023-03-16,Network,No
TEL00232,2020-10-18,Network,Yes
TEL00233,2023-10-09,Network,Yes
TEL00236,2024-01-05,Billing,Yes
TEL00238,2022-12-15,Billing,Yes
TEL00238,2022-03-27,Network,Yes
TEL00239,2021-12-06,Network,Yes
TEL00241,2022-03-02,Network,Yes
TEL00243,2020-01-10,Network,Yes
TEL00243,2021-09-25,Network,No
TEL00243,2019-11-26,Other,No
TEL00244,2020-12-09,Billing,Yes
TEL00244,2023-01-22,Network,Yes
TEL00244,2021-08-03,Billing,No
TEL00245,2024-02-20,Billing,Yes
TEL00248,2023-06-16,Plan change,Yes
TEL00249,2024-03-24,Device,No
TEL00249,2024-04-02,Billing,Yes
TEL00250,2023-09-26,Network,Yes
TEL00251,2023-06-10,Billing,Yes
TEL00255,2019-11-05,Other,Yes
TEL00256,2023-05-09,Other,Yes
TEL00258,2024-05-30,Billing,Yes
TEL00259,2023-03-26,Plan change,Yes
TEL00260,2023-07-04,Billing,Yes
TEL00261,2024-04-27,Plan change,Yes
TEL00261,2023-08-10,Device,Yes
TEL00261,2022-10-10,Other,Yes
TEL00261,2024-04-27,Other,No
TEL00261,2023-01-22,Billing,Yes
TEL00265,2022-07-07,Plan change,Yes
TEL00265,2022-03-31,Network,Yes
TEL00266,2024-06-19,Billing,Yes
TEL00274,2022-02-05,Network,Yes
TEL00275,2024-04-03,Billing,No
TEL00275,2023-12-04,Billing,No
TEL00276,2021-07-11,Plan change,Yes
TEL00276,2024-05-14,Billing,Yes
TEL00276,2024-03-16,Billing,Yes
TEL00277,2024-02-07,Network,Yes
TEL00279,2021-03-27,Network,No
TEL00280,2021-08-29,Billing,Yes
TEL00280,2024-01-11,Billing,Yes
TEL00282,2024-03-08,Network,Yes
TEL00283,2023-08-12,Plan change,Yes
TEL00283,2023-04-11,Billing,Yes
TEL00283,2021-09-09,Network,Yes
TEL00283,2024-03-13,Billing,Yes
TEL00283,2024-02-06,Billing,Yes
TEL00283,2023-04-01,Device,Yes
TEL00283,2022-11-03,Billing,Yes
TEL00284,2022-03-22,Plan change,No
TEL00285,2023-02-11,Billing,Yes
TEL00286,2022-01-08,Other,Yes
TEL00287,2021-02-16,Billing,Yes
TEL00287,2021-06-14,Device,Yes
TEL00288,2022-01-20,Other,No
TEL00290,2024-01-27,Billing,No
TEL00297,2024-04-05,Network,Yes
TEL00297,2024-02-10,Network,No
TEL00300,2021-01-31,Network,Yes
TEL00303,2022-02-23,Device,No
TEL00305,2021-05-18,Billing,No
TEL00305,2022-09-20,Network,Yes
TEL00305,2021-05-30,Billing,Yes
TEL00305,2021-04-08,Billing,Yes
TEL00305,2022-05-13,Plan change,Yes
TEL00306,2020-10-15,Other,No
TEL00308,2020-08-27,Network,Yes
TEL00310,2023-09-15,Plan change,No
TEL00311,2021-08-23,Network,Yes
TEL00311,2022-12-02,Billing,Yes
TEL00313,2022-11-06,Network,Yes
TEL00314,2023-04-07,Billing,Yes
TEL00315,2023-10-20,Network,Yes
TEL00317,2021-10-04,Network,Yes
TEL00318,2023-08-22,Billing,No
TEL00318,2024-06-01,Billing,Yes
TEL00318,2023-06-05,Network,Yes
TEL00318,2024-01-18,Billing,Yes
TEL00319,2024-02-08,Billing,Yes
TEL00320,2024-06-14,Other,Yes
TEL00321,2022-02-11,Other,Yes
TEL00321,2022-11-16,Network,No
TEL00322,2023-08-06,Other,Yes
TEL00323,2022-12-29,Plan change,Yes
TEL00323,2023-01-30,Billing,No
TEL00324,2019-02-13,Other,Yes
TEL00327,2022-05-21,Network,Yes
TEL00329,2020-07-17,Other,Yes
TEL00331,2022-04-21,Other,Yes
TEL00332,2022-07-11,Plan change,No
TEL00332,2024-03-25,Device,Yes
TEL00332,2021-10-29,Billing,Yes
TEL00332,2023-12-06,Billing,Yes
TEL00333,2023-10-28,Network,Yes
TEL00333,2023-10-25,Billing,Yes
TEL00335,2022-07-28,Billing,Yes
TEL00335,2022-04-02,Billing,Yes
TEL00336,2020-08-18,Billing,Yes
TEL00339,2024-02-06,Plan change,Yes
TEL00342,2023-01-31,Network,Yes
TEL00342,2023-01-14,Network,Yes
TEL00343,2024-01-27,Network,No
TEL00345,2024-06-20,Plan change,Yes
TEL00345,2022-01-14,Device,Yes
TEL00347,2024-05-21,Plan change,Yes
TEL00347,2024-02-17,Billing,Yes
TEL00348,2023-10-27,Device,Yes
TEL00350,2024-03-07,Other,Yes
TEL00350,2024-06-02,Billing,Yes
TEL00350,2024-04-18,Billing,Yes
TEL00351,2021-02-27,Network,Yes
TEL00353,2024-06-30,Network,Yes
TEL00356,2021-11-03,Network,No
TEL00356,2022-11-13,Network,Yes
TEL00356,2022-10-11,Device,Yes
TEL00357,2022-06-28,Network,Yes
TEL00358,2020-11-07,Billing,Yes
TEL00361,2020-10-06,Billing,Yes
TEL00362,2021-11-23,Billing,No
TEL00363,2021-01-11,Billing,No
TEL00365,2020-10-26,Plan change,Yes
TEL00365,2020-03-03,Network,Yes
TEL00365,2023-08-15,Network,Yes
TEL00369,2021-12-20,Billing,Yes
TEL00372,2024-04-02,Network,Yes
TEL00373,2023-07-11,Network,Yes
TEL00375,2022-01-03,Network,No
TEL00376,2024-06-24,Network,No
TEL00377,2023-03-11,Billing,Yes
TEL00377,2024-02-19,Network,Yes
TEL00378,2024-03-25,Other,Yes
TEL00379,2020-08-12,Other,Yes
TEL00379,2022-07-25,Billing,Yes
TEL00381,2023-04-18,Network,Yes
TEL00382,2024-04-26,Device,Yes
TEL00382,2023-07-11,Network,No
TEL00383,2024-02-18,Billing,Yes
TEL00386,2024-05-20,Billing,No
TEL00387,2023-04-03,Billing,Yes
TEL00387,2024-01-28,Device,Yes
TEL00387,2024-04-02,Billing,Yes
TEL00388,2022-04-16,Billing,Yes
TEL00388,2023-10-20,Plan change,Yes
TEL00389,2024-01-05,Network,No
TEL00390,2024-01-10,Network,Yes
TEL00391,2024-03-19,Billing,No
TEL00391,2023-11-27,Device,No
TEL00391,2023-11-22,Other,Yes
TEL00392,2020-09-09,Billing,Yes
TEL00392,2024-05-13,Network,Yes
TEL00394,2024-06-14,Network,Yes
TEL00395,2024-05-30,Network,Yes
TEL00399,2024-02-11,Other,Yes
TEL00399,2023-01-11,Other,No
TEL00400,2023-11-18,Network,Yes
TEL00400,2022-11-20,Other,Yes
TEL00401,2022-09-06,Billing,No
TEL00401,2021-08-31,Network,Yes
TEL00402,2020-09-03,Billing,No
TEL00402,2022-08-27,Network,No
TEL00402,2021-02-23,Plan change,Yes
TEL00402,2022-06-07,Plan change,Yes
TEL00404,2023-10-05,Billing,Yes
TEL00404,2023-12-11,Billing,Yes
TEL00405,2023-04-23,Billing,Yes
TEL00405,2024-05-20,Plan change,Yes
TEL00406,2021-01-27,Other,No
TEL00408,2024-03-09,Plan change,Yes
TEL00408,2024-02-10,Billing,Yes
TEL00409,2021-09-04,Network,Yes
TEL00410,2024-01-19,Network,No
TEL00413,2023-02-08,Network,Yes
TEL00414,2021-03-05,Device,Yes
TEL00415,2023-04-25,Device,No
TEL00415,2022-09-01,Plan change,Yes
TEL00416,2021-08-21,Device,Yes
TEL00417,2024-03-29,Device,Yes
TEL00418,2024-01-04,Other,Yes
TEL00420,2024-05-11,Network,Yes
TEL00422,2023-03-14,Billing,No
TEL00423,2020-03-04,Network,Yes
TEL00424,2023-04-01,Network,No
TEL00424,2024-02-03,Other,Yes
TEL00425,2023-12-19,Billing,Yes
TEL00425,2023-12-03,Network,Yes
TEL00425,2023-12-27,Other,Yes
TEL00426,2024-01-05,Network,Yes
TEL00428,2022-05-13,Other,No
TEL00429,2024-06-10,Billing,No
TEL00429,2024-03-23,Other,Yes
TEL00429,2023-11-07,Billing,Yes
TEL00431,2023-09-17,Network,No
TEL00433,2021-06-26,Billing,Yes
TEL00433,2020-12-09,Network,Yes
TEL00435,2023-08-14,Network,Yes
TEL00435,2023-11-19,Other,Yes
TEL00436,2021-06-01,Network,Yes
TEL00436,2022-03-17,Plan change,Yes
TEL00437,2023-08-07,Device,Yes
TEL00437,2022-12-01,Other,Yes
TEL00438,2024-02-27,Network,Yes
TEL00439,2021-04-09,Billing,Yes
TEL00440,2020-05-04,Network,Yes
TEL00440,2020-09-16,Billing,Yes
TEL00441,2024-03-21,Billing,No
TEL00442,2023-05-20,Billing,Yes
TEL00442,2020-05-03,Billing,Yes
TEL00443,2022-12-05,Billing,No
TEL00443,2023-05-03,Billing,Yes
TEL00444,2023-10-15,Device,Yes
TEL00446,2024-06-14,Device,Yes
TEL00446,2021-08-29,Plan change,Yes
TEL00446,2022-09-20,Plan change,No
TEL00447,2023-01-25,Other,Yes
TEL00450,2024-05-16,Network,Yes
TEL00451,2023-02-03,Billing,Yes
TEL00451,2024-02-13,Billing,Yes
TEL00451,2023-11-26,Other,Yes
TEL00452,2024-01-24,Network,Yes
TEL00452,2024-03-30,Network,Yes
TEL00453,2023-08-07,Billing,Yes
TEL00454,2023-09-17,Billing,Yes
TEL00454,2021-09-15,Billing,Yes
TEL00455,2024-04-17,Billing,Yes
TEL00455,2024-04-10,Billing,Yes
TEL00460,2023-03-16,Network,Yes
TEL00461,2024-01-16,Network,Yes
TEL00463,2024-03-10,Plan change,Yes
TEL00466,2021-01-28,Billing,No
TEL00467,2023-06-22,Network,Yes
TEL00470,2024-04-16,Plan change,Yes
TEL00472,2024-06-22,Billing,Yes
TEL00472,2024-06-01,Billing,No
TEL00473,2024-03-24,Device,Yes
TEL00473,2024-06-07,Network,No
TEL00476,2023-08-30,Billing,Yes
TEL00477,2023-11-29,Billing,Yes
TEL00477,2023-10-06,Plan change,No
TEL00479,2022-10-29,Other,Yes
TEL00482,2022-12-18,Network,No
TEL00483,2024-03-25,Network,Yes
TEL00483,2024-04-25,Plan change,No
TEL00483,2024-02-11,Device,Yes
TEL00483,2023-09-05,Other,Yes
TEL00485,2023-03-12,Network,Yes
TEL00488,2021-11-25,Other,Yes
TEL00489,2023-05-18,Billing,No
TEL00489,2021-04-12,Plan change,Yes
TEL00490,2024-04-03,Network,Yes
TEL00490,2024-02-29,Network,Yes
TEL00490,2024-03-03,Plan change,No
TEL00492,2023-09-12,Plan change,No
TEL00495,2023-08-22,Network,No
TEL00495,2024-02-08,Network,Yes
TEL00495,2024-06-29,Device,Yes
TEL00496,2023-09-27,Billing,Yes
TEL00496,2023-01-26,Network,Yes
TEL00497,2020-08-22,Network,Yes
TEL00499,2024-06-06,Billing,Yes
TEL00503,2023-01-06,Plan change,No
TEL00503,2020-11-08,Plan change,Yes
TEL00504,2022-02-25,Network,Yes
TEL00505,2024-01-28,Device,No
TEL00505,2023-09-14,Billing,Yes
TEL00506,2023-12-19,Plan change,Yes
TEL00507,2023-07-11,Network,Yes
TEL00508,2023-05-17,Device,No
TEL00509,2023-08-04,Network,Yes
TEL00510,2024-03-22,Plan change,Yes
TEL00511,2019-11-21,Network,Yes
TEL00511,2019-11-07,Plan change,Yes
TEL00513,2021-09-17,Plan change,Yes
TEL00514,2024-04-17,Billing,Yes
TEL00515,2024-01-07,Network,Yes
TEL00516,2023-06-08,Plan change,Yes
TEL00516,2023-07-29,Network,Yes
TEL00516,2024-03-20,Billing,Yes
TEL00518,2021-04-25,Billing,Yes
TEL00521,2024-06-23,Device,Yes
TEL00522,2024-06-27,Plan change,Yes
TEL00522,2024-04-08,Billing,Yes
TEL00522,2024-05-19,Other,Yes
TEL00523,2023-08-20,Billing,No
TEL00524,2023-09-08,Device,No
TEL00525,2022-01-06,Billing,Yes
TEL00526,2024-03-12,Plan change,Yes
TEL00526,2024-03-23,Billing,No
TEL00527,2023-02-04,Billing,Yes
TEL00533,2023-12-10,Billing,Yes
TEL00533,2021-05-08,Network,Yes
TEL00534,2020-07-17,Network,Yes
TEL00536,2024-01-26,Network,No
TEL00536,2023-11-21,Billing,Yes
TEL00537,2023-02-08,Billing,Yes
TEL00538,2023-05-06,Network,Yes
TEL00538,2023-12-14,Other,Yes
TEL00542,2022-04-19,Billing,Yes
TEL00544,2024-01-07,Plan change,No
TEL00545,2024-06-17,Plan change,Yes
TEL00546,2022-04-03,Network,Yes
TEL00547,2023-06-16,Network,Yes
TEL00547,2023-10-24,Network,Yes
TEL00548,2021-10-10,Device,No
TEL00549,2022-06-22,Network,Yes
TEL00549,2020-08-07,Plan change,Yes
TEL00550,2024-02-19,Billing,Yes
TEL00551,2023-11-15,Network,Yes
TEL00551,2023-07-15,Billing,No
TEL00552,2022-11-18,Device,Yes
TEL00554,2024-06-24,Billing,Yes
TEL00555,2020-11-09,Other,Yes
TEL00558,2023-10-18,Billing,Yes
TEL00559,2024-06-12,Other,Yes
TEL00559,2023-10-12,Billing,No
TEL00560,2022-11-26,Billing,Yes
TEL00561,2024-02-01,Network,Yes
TEL00564,2024-05-28,Billing,Yes
TEL00565,2022-01-31,Network,Yes
TEL00566,2024-05-21,Billing,Yes
TEL00566,2024-05-07,Billing,Yes
TEL00566,2024-06-17,Other,Yes
TEL00567,2024-06-23,Network,No
TEL00572,2023-11-19,Network,Yes
TEL00573,2023-03-02,Network,No
TEL00575,2024-03-01,Billing,Yes
TEL00577,2024-01-07,Network,Yes
TEL00579,2021-10-02,Other,Yes
TEL00580,2023-04-05,Device,Yes
TEL00581,2022-10-08,Billing,No
TEL00582,2023-11-16,Billing,Yes
TEL00582,2024-06-22,Network,Yes
TEL00583,2022-11-22,Network,No
TEL00583,2023-03-04,Device,Yes
TEL00583,2019-12-30,Plan change,Yes
TEL00583,2024-03-03,Device,Yes
TEL00588,2022-06-27,Network,Yes
TEL00590,2022-12-06,Network,Yes
TEL00590,2020-12-31,Network,Yes
TEL00591,2024-04-19,Billing,Yes
TEL00592,2021-08-13,Network,Yes
TEL00593,2024-06-26,Device,Yes
TEL00593,2023-12-24,Device,Yes
TEL00594,2019-09-23,Billing,Yes
TEL00595,2021-11-10,Billing,No
TEL00597,2024-01-09,Network,Yes
TEL00605,2019-07-22,Billing,Yes
TEL00607,2023-03-16,Network,Yes
TEL00608,2020-09-05,Device,Yes
TEL00608,2022-07-16,Plan change,Yes
TEL00609,2023-08-13,Other,Yes
TEL00610,2020-08-28,Billing,Yes
TEL00610,2023-01-23,Billing,No
TEL00611,2024-03-10,Network,Yes
TEL00612,2023-06-24,Billing,Yes
TEL00614,2023-07-05,Billing,Yes
TEL00614,2022-12-30,Other,No
TEL00615,2024-06-29,Network,Yes
TEL00615,2022-11-30,Network,Yes
TEL00617,2023-11-09,Billing,Yes
TEL00619,2024-06-25,Device,Yes
TEL00620,2023-09-03,Plan change,No
TEL00625,2024-05-25,Billing,No
TEL00626,2021-05-24,Device,Yes
TEL00627,2024-06-01,Device,Yes
TEL00627,2024-06-03,Billing,Yes
TEL00628,2021-10-29,Network,Yes
TEL00628,2023-10-13,Billing,No
TEL00629,2021-03-01,Billing,Yes
TEL00631,2024-06-15,Device,Yes
TEL00632,2020-06-02,Billing,No
TEL00634,2019-04-30,Device,Yes
TEL00635,2024-02-19,Network,No
TEL00638,2024-03-30,Billing,Yes
TEL00638,2023-11-06,Billing,Yes
TEL00638,2024-02-25,Device,No
TEL00641,2021-02-01,Network,No
TEL00641,2023-02-27,Billing,Yes
TEL00644,2024-04-08,Device,Yes
TEL00644,2023-10-16,Network,Yes
TEL00644,2024-05-29,Network,Yes
TEL00645,2024-01-11,Billing,Yes
TEL00646,2023-04-19,Network,No
TEL00647,2023-11-07,Billing,No
TEL00648,2021-02-05,Device,Yes
TEL00648,2021-08-13,Network,Yes
TEL00649,2023-04-27,Billing,Yes
TEL00650,2022-11-20,Billing,No
TEL00650,2020-12-28,Device,No
TEL00650,2020-10-01,Billing,Yes
TEL00651,2023-10-22,Device,Yes
TEL00651,2024-03-04,Plan change,Yes
TEL00651,2023-12-18,Other,Yes
TEL00652,2024-05-09,Network,Yes
TEL00653,2022-02-26,Other,Yes
TEL00653,2023-08-18,Device,Yes
TEL00653,2022-05-31,Plan change,Yes
TEL00653,2022-03-18,Device,Yes
TEL00653,2022-12-04,Billing,Yes
TEL00654,2024-06-18,Billing,Yes
TEL00655,2022-01-07,Billing,No
TEL00656,2023-01-26,Billing,Yes
TEL00657,2024-03-01,Other,Yes
TEL00658,2024-06-01,Device,Yes
TEL00659,2024-05-04,Billing,Yes
TEL00659,2023-11-30,Billing,Yes
TEL00661,2023-05-19,Other,No
TEL00661,2021-10-29,Network,Yes
TEL00661,2023-01-21,Other,Yes
TEL00662,2022-07-16,Device,Yes
TEL00666,2020-02-04,Device,Yes
TEL00666,2023-06-24,Billing,Yes
TEL00667,2023-04-19,Billing,No
TEL00668,2024-06-29,Network,No
TEL00668,2023-08-12,Billing,Yes
TEL00670,2024-05-04,Billing,Yes
TEL00672,2023-08-06,Billing,Yes
TEL00672,2024-03-06,Plan change,Yes
TEL00672,2024-02-09,Device,No
TEL00672,2023-11-22,Billing,Yes
TEL00673,2022-09-28,Network,Yes
TEL00674,2024-01-08,Billing,Yes
TEL00675,2023-11-13,Billing,Yes
TEL00676,2024-06-27,Billing,No
TEL00677,2024-05-12,Network,Yes
TEL00677,2024-06-19,Billing,Yes
TEL00679,2023-11-26,Billing,No
TEL00679,2023-09-08,Plan change,Yes
TEL00680,2024-06-03,Device,Yes
TEL00680,2024-06-24,Billing,Yes
TEL00680,2024-05-12,Other,Yes
TEL00681,2023-12-17,Other,Yes
TEL00681,2023-12-18,Network,Yes
TEL00681,2023-11-27,Billing,No
TEL00683,2022-11-02,Billing,Yes
TEL00685,2024-05-31,Network,Yes
TEL00686,2023-09-27,Plan change,Yes
TEL00687,2023-07-15,Network,Yes
TEL00688,2024-02-17,Network,Yes
TEL00688,2023-04-26,Billing,Yes
TEL00689,2021-10-08,Device,Yes
TEL00689,2020-10-27,Plan change,No
TEL00689,2022-03-07,Device,Yes
TEL00690,2024-03-21,Billing,Yes
TEL00690,2024-04-07,Billing,No
TEL00692,2024-03-26,Other,Yes
TEL00694,2023-02-16,Network,Yes
TEL00696,2024-04-11,Billing,Yes
TEL00697,2023-12-01,Device,Yes
TEL00697,2020-10-13,Network,Yes
TEL00699,2024-05-15,Billing,Yes
TEL00699,2024-06-28,Network,Yes
TEL00702,2023-08-12,Billing,Yes
TEL00703,2022-06-30,Network,No
TEL00703,2021-12-05,Network,Yes
TEL00704,2023-10-15,Network,Yes
TEL00704,2024-02-22,Network,No
TEL00706,2024-06-10,Device,Yes
TEL00706,2024-06-21,Device,Yes
TEL00707,2022-12-14,Billing,Yes
TEL00714,2022-08-12,Plan change,No
TEL00715,2022-01-04,Other,Yes
TEL00717,2023-12-26,Billing,Yes
TEL00718,2023-09-27,Device,No
TEL00719,2024-04-16,Network,No
TEL00720,2021-02-25,Device,Yes
TEL00720,2022-07-27,Billing,No
TEL00722,2024-04-21,Other,Yes
TEL00723,2023-06-13,Network,Yes
TEL00724,2022-04-16,Network,No
TEL00724,2023-03-17,Device,Yes
TEL00731,2023-01-20,Network,Yes
TEL00732,2022-09-01,Billing,Yes
TEL00733,2019-02-25,Other,Yes
TEL00734,2023-01-03,Network,No
TEL00734,2023-08-20,Device,Yes
TEL00735,2022-10-03,Billing,Yes
TEL00735,2022-11-27,Network,Yes
TEL00736,2020-05-18,Billing,Yes
TEL00736,2021-11-25,Network,Yes
TEL00736,2022-04-02,Plan change,Yes
TEL00737,2024-04-29,Plan change,Yes
TEL00738,2022-08-31,Billing,Yes
TEL00738,2021-12-11,Network,Yes
TEL00739,2022-08-30,Network,Yes
TEL00742,2024-06-28,Network,Yes
TEL00742,2024-04-19,Other,Yes
TEL00746,2024-03-14,Other,Yes
TEL00746,2021-03-16,Network,Yes
TEL00748,2021-03-10,Plan change,Yes
TEL00749,2024-03-25,Plan change,Yes
TEL00751,2021-08-15,Plan change,Yes
TEL00751,2023-03-10,Network,Yes
TEL00753,2020-07-12,Billing,Yes
TEL00755,2021-06-26,Other,Yes
TEL00759,2021-07-26,Billing,Yes
TEL00760,2023-10-07,Device,Yes
TEL00760,2022-05-20,Network,Yes
TEL00761,2024-04-15,Plan change,Yes
TEL00764,2023-05-13,Billing,Yes
TEL00766,2022-01-27,Other,Yes
TEL00766,2022-09-02,Network,Yes
TEL00767,2024-04-25,Billing,Yes
TEL00768,2024-05-04,Network,Yes
TEL00773,2022-05-11,Network,No
TEL00774,2020-06-18,Other,Yes
TEL00775,2023-12-23,Billing,Yes
TEL00775,2024-05-28,Network,Yes
TEL00776,2022-02-02,Device,No
TEL00776,2022-09-28,Network,Yes
TEL00777,2020-03-19,Device,No
TEL00778,2019-07-30,Network,No
TEL00778,2023-03-11,Plan change,Yes
TEL00779,2021-01-08,Device,Yes
TEL00781,2021-11-27,Network,Yes
TEL00782,2021-12-03,Billing,Yes
TEL00784,2020-04-17,Network,No
TEL00785,2024-02-11,Other,Yes
TEL00785,2022-07-19,Billing,Yes
TEL00785,2020-07-31,Plan change,Yes
TEL00786,2021-12-06,Device,Yes
TEL00786,2021-07-21,Network,Yes
TEL00787,2019-06-24,Device,Yes
TEL00788,2020-10-10,Plan change,Yes
TEL00788,2024-03-26,Plan change,No
TEL00789,2023-03-22,Device,Yes
TEL00789,2023-02-11,Other,Yes
TEL00789,2022-08-25,Network,Yes
TEL00790,2023-01-18,Network,Yes
TEL00791,2023-04-07,Network,Yes
TEL00792,2023-07-25,Billing,Yes
TEL00792,2024-04-04,Device,Yes
TEL00793,2024-06-16,Network,Yes
TEL00794,2023-07-08,Other,No
TEL00795,2020-02-24,Network,Yes
TEL00796,2023-08-23,Network,Yes
TEL00796,2023-07-25,Device,Yes
TEL00797,2024-06-11,Billing,Yes
TEL00798,2020-12-23,Billing,Yes
TEL00799,2023-11-08,Billing,Yes
TEL00799,2020-12-26,Billing,Yes
TEL00800,2022-10-04,Billing,Yes
TEL00800,2022-09-13,Network,Yes
TEL00801,2020-10-30,Billing,Yes
TEL00803,2022-11-13,Plan change,No
TEL00804,2020-12-22,Billing,Yes
TEL00806,2023-09-14,Device,Yes
TEL00807,2024-04-29,Network,No
TEL00808,2022-02-20,Device,No
TEL00809,2024-02-23,Plan change,Yes
TEL00812,2019-07-31,Network,Yes
TEL00815,2023-04-16,Billing,Yes
TEL00815,2023-07-06,Network,Yes
TEL00816,2019-11-06,Device,Yes
TEL00817,2024-03-19,Network,Yes
TEL00817,2024-03-31,Other,No
TEL00817,2024-05-15,Billing,Yes
TEL00817,2024-03-12,Billing,Yes
TEL00819,2021-09-08,Other,Yes
TEL00820,2023-05-02,Plan change,Yes
TEL00821,2023-12-06,Device,Yes
TEL00822,2023-10-10,Other,Yes
TEL00823,2021-03-23,Billing,Yes
TEL00824,2024-04-20,Plan change,No
TEL00824,2023-09-19,Billing,Yes
TEL00826,2023-03-24,Billing,Yes
TEL00827,2023-07-25,Other,Yes
TEL00827,2023-05-14,Billing,Yes
TEL00830,2022-04-07,Network,Yes
TEL00832,2021-12-21,Billing,Yes
TEL00838,2022-03-24,Billing,No
TEL00838,2022-06-11,Plan change,Yes
TEL00839,2023-11-20,Network,Yes
TEL00840,2023-04-21,Billing,Yes
TEL00841,2024-05-31,Device,Yes
TEL00841,2024-04-17,Network,Yes
TEL00841,2024-06-13,Network,Yes
TEL00842,2022-05-09,Network,Yes
TEL00845,2024-02-20,Network,No
TEL00845,2023-11-06,Network,Yes
TEL00846,2024-06-09,Network,Yes
TEL00846,2024-06-12,Other,Yes
TEL00848,2020-10-15,Network,No
TEL00849,2020-03-13,Billing,Yes
TEL00850,2024-06-21,Network,Yes
TEL00850,2024-06-05,Billing,Yes
TEL00852,2022-12-12,Network,Yes
TEL00852,2020-04-24,Plan change,Yes
TEL00852,2022-11-18,Network,Yes
TEL00853,2022-09-30,Plan change,Yes
TEL00854,2023-07-27,Device,Yes
TEL00854,2023-07-30,Network,Yes
TEL00856,2022-10-31,Billing,Yes
TEL00857,2024-04-27,Plan change,Yes
TEL00858,2023-02-01,Billing,Yes
TEL00861,2020-02-04,Device,Yes
TEL00864,2024-05-07,Network,Yes
TEL00866,2022-03-21,Billing,Yes
TEL00869,2024-06-14,Other,Yes
TEL00870,2022-05-25,Billing,No
TEL00870,2019-12-06,Other,No
TEL00871,2022-06-12,Device,Yes
TEL00872,2024-06-08,Network,Yes
TEL00873,2023-05-15,Billing,Yes
TEL00873,2019-05-11,Network,No
TEL00874,2023-06-09,Network,No
TEL00874,2023-05-03,Plan change,No
TEL00875,2024-01-31,Billing,No
TEL00877,2024-02-15,Billing,Yes
TEL00877,2024-06-02,Billing,Yes
TEL00877,2024-05-20,Network,Yes
TEL00878,2024-01-16,Other,Yes
TEL00878,2022-10-05,Device,Yes
TEL00880,2024-04-04,Billing,Yes
TEL00880,2024-02-18,Network,Yes
TEL00881,2020-06-21,Network,Yes
TEL00882,2023-10-18,Device,Yes
TEL00884,2023-04-23,Billing,Yes
TEL00884,2023-11-23,Plan change,Yes
TEL00886,2023-07-09,Network,Yes
TEL00887,2024-05-04,Plan change,Yes
TEL00889,2022-07-05,Billing,Yes
TEL00889,2022-09-06,Billing,Yes
TEL00889,2021-11-13,Device,No
TEL00892,2023-04-25,Network,No
TEL00892,2022-09-18,Billing,Yes
TEL00892,2024-06-21,Network,No
TEL00894,2021-12-17,Other,No
TEL00894,2022-12-10,Billing,Yes
TEL00895,2019-11-14,Device,Yes
TEL00896,2022-09-09,Plan change,Yes
TEL00896,2024-03-22,Billing,Yes
TEL00897,2023-12-04,Network,Yes
TEL00898,2023-07-15,Device,No
TEL00899,2022-06-05,Plan change,Yes
TEL00900,2021-07-10,Plan change,Yes
TEL00901,2024-02-29,Plan change,Yes
TEL00903,2021-04-03,Billing,Yes
TEL00904,2021-11-08,Network,No
TEL00904,2024-06-02,Other,Yes
TEL00904,2024-02-09,Billing,Yes
TEL00904,2023-10-20,Network,Yes
TEL00905,2024-05-01,Plan change,Yes
TEL00907,2023-07-05,Device,Yes
TEL00907,2024-06-27,Other,Yes
TEL00908,2023-11-05,Device,Yes
TEL00909,2022-02-16,Plan change,No
TEL00910,2023-12-12,Network,Yes
TEL00911,2022-01-13,Network,Yes
TEL00911,2023-01-04,Billing,Yes
TEL00912,2024-03-18,Network,Yes
TEL00912,2024-05-21,Billing,Yes
TEL00913,2024-02-10,Network,No
TEL00914,2023-01-21,Billing,No
TEL00914,2024-03-12,Other,Yes
TEL00915,2022-11-08,Network,Yes
TEL00916,2023-12-06,Billing,Yes
TEL00916,2023-08-24,Network,Yes
TEL00916,2022-09-10,Network,Yes
TEL00918,2020-06-07,Plan change,Yes
TEL00919,2024-05-11,Other,Yes
TEL00919,2023-07-22,Network,No
TEL00919,2022-08-31,Network,Yes
TEL00920,2024-06-22,Network,No
TEL00922,2022-02-15,Network,No
TEL00922,2023-10-18,Billing,Yes
TEL00924,2021-11-06,Network,Yes
TEL00926,2023-04-25,Device,Yes
TEL00926,2023-03-29,Other,Yes
TEL00927,2024-05-04,Billing,Yes
TEL00929,2023-08-08,Network,No
TEL00930,2022-07-27,Network,No
TEL00930,2020-03-07,Plan change,Yes
TEL00931,2019-10-09,Billing,Yes
TEL00932,2023-02-24,Billing,Yes
TEL00934,2023-07-30,Billing,Yes
TEL00934,2019-09-18,Network,Yes
TEL00936,2023-09-20,Billing,Yes
TEL00936,2024-03-30,Plan change,Yes
TEL00937,2022-03-04,Billing,Yes
TEL00939,2020-05-06,Network,Yes
TEL00940,2022-02-13,Network,Yes
TEL00942,2024-05-04,Billing,Yes
TEL00944,2023-02-22,Billing,Yes
TEL00946,2020-02-19,Plan change,No
TEL00948,2021-03-05,Billing,Yes
TEL00949,2021-08-28,Plan change,Yes
TEL00949,2021-12-15,Device,Yes
TEL00953,2021-12-29,Device,Yes
TEL00955,2023-01-15,Billing,Yes
TEL00955,2023-05-11,Network,Yes
TEL00956,2021-12-31,Network,Yes
TEL00957,2023-01-24,Plan change,No
TEL00957,2024-04-28,Billing,Yes
TEL00957,2023-07-15,Network,No
TEL00958,2022-01-31,Billing,Yes
TEL00959,2024-05-30,Device,Yes
TEL00960,2024-02-01,Network,Yes
TEL00960,2023-12-11,Device,Yes
TEL00962,2023-11-05,Billing,Yes
TEL00969,2023-05-08,Plan change,Yes
TEL00970,2024-01-04,Network,No
TEL00970,2023-11-13,Billing,Yes
TEL00971,2024-03-16,Billing,Yes
TEL00972,2022-05-14,Device,Yes
TEL00972,2023-06-06,Other,Yes
TEL00972,2023-10-27,Device,No
TEL00974,2023-12-19,Other,No
TEL00975,2023-06-21,Billing,Yes
TEL00977,2023-08-19,Billing,No
TEL00978,2019-03-18,Billing,No
TEL00979,2023-07-05,Network,Yes
TEL00979,2023-04-15,Network,Yes
TEL00980,2022-10-02,Device,Yes
TEL00980,2021-06-05,Billing,Yes
TEL00981,2023-12-09,Network,Yes
TEL00981,2024-04-12,Network,Yes
TEL00984,2023-02-13,Billing,Yes
TEL00984,2024-01-22,Other,Yes
TEL00985,2023-05-07,Device,Yes
TEL00987,2024-03-13,Billing,Yes
TEL00988,2024-03-19,Billing,Yes
TEL00989,2022-01-22,Billing,No
TEL00990,2024-05-01,Billing,Yes
TEL00990,2021-04-03,Other,Yes
TEL00991,2024-02-16,Billing,Yes
TEL00991,2024-01-27,Billing,No
TEL00991,2023-12-20,Network,Yes
TEL00993,2024-02-02,Billing,Yes
TEL00993,2023-04-22,Billing,Yes
TEL00993,2023-06-10,Billing,Yes
TEL00994,2022-09-28,Other,No
TEL00994,2022-07-06,Other,Yes
TEL00994,2020-12-24,Plan change,No
TEL00995,2023-03-09,Billing,Yes
TEL00995,2023-10-18,Plan change,No
TEL00996,2023-09-04,Billing,Yes
TEL00996,2023-05-07,Billing,No
TEL00996,2024-03-18,Other,Yes
TEL00996,2023-03-14,Billing,Yes
TEL00996,2023-04-17,Other,Yes
TEL00997,2021-08-14,Device,Yes
TEL00998,2022-01-21,Billing,No
TEL00999,2024-05-18,Billing,Yes
TEL00999,2024-05-14,Plan change,Yes
TEL00999,2024-02-22,Other,Yes
TEL01000,2024-03-22,Plan change,Yes
TEL01000,2023-12-19,Network,No
TEL01000,2024-05-08,Network,Yes
TEL01001,2022-06-11,Billing,Yes
TEL01002,2022-07-17,Billing,Yes
TEL01003,2023-06-02,Billing,Yes
TEL01003,2023-11-25,Billing,Yes
TEL01004,2022-03-10,Device,Yes
TEL01004,2020-04-03,Billing,Yes
TEL01004,2021-08-15,Network,Yes
TEL01007,2024-05-10,Plan change,Yes
TEL01008,2023-02-04,Device,Yes
TEL01011,2023-11-16,Plan change,Yes
TEL01014,2024-03-13,Other,Yes
TEL01015,2021-01-18,Network,No
TEL01015,2022-05-09,Device,Yes
TEL01016,2023-05-19,Network,Yes
TEL01018,2023-12-23,Billing,Yes
TEL01018,2023-10-09,Billing,Yes
TEL01018,2023-08-06,Billing,Yes
TEL01019,2023-12-28,Billing,No
TEL01019,2023-05-30,Billing,Yes
TEL01019,2023-12-29,Plan change,Yes
TEL01020,2024-01-29,Other,Yes
TEL01021,2022-07-05,Plan change,Yes
TEL01022,2022-09-27,Network,Yes
TEL01022,2021-03-24,Billing,Yes
TEL01026,2024-04-29,Billing,Yes
TEL01026,2024-04-08,Plan change,Yes
TEL01026,2024-06-25,Other,Yes
TEL01028,2023-10-27,Network,No
TEL01028,2021-05-04,Billing,Yes
TEL01028,2023-10-01,Billing,Yes
TEL01028,2021-06-03,Plan change,Yes
TEL01028,2023-01-22,Plan change,Yes
TEL01029,2022-10-22,Plan change,Yes
TEL01030,2024-02-03,Billing,Yes
TEL01030,2021-11-25,Network,Yes
TEL01031,2021-12-04,Network,Yes
TEL01034,2024-05-02,Other,Yes
TEL01035,2023-10-24,Device,Yes
TEL01037,2023-08-05,Other,Yes
TEL01040,2022-12-02,Other,No
TEL01041,2022-11-14,Device,Yes
TEL01043,2024-05-15,Plan change,Yes
TEL01043,2024-05-26,Other,No
TEL01044,2020-12-27,Other,No
TEL01044,2021-03-10,Device,Yes
TEL01045,2019-07-29,Billing,No
TEL01045,2022-07-24,Billing,Yes
TEL01046,2023-03-10,Network,Yes
TEL01046,2023-04-01,Billing,Yes
TEL01047,2023-09-07,Device,Yes
TEL01047,2023-10-13,Network,Yes
TEL01047,2022-11-15,Billing,No
TEL01048,2023-02-09,Other,Yes
TEL01048,2023-05-06,Network,No
TEL01051,2021-10-11,Billing,Yes
TEL01052,2022-06-20,Billing,Yes
TEL01053,2023-07-09,Device,Yes
TEL01053,2023-10-06,Network,No
TEL01054,2023-10-31,Network,Yes
TEL01057,2022-07-01,Billing,Yes
TEL01059,2023-08-18,Billing,No
TEL01060,2022-09-11,Other,Yes
TEL01062,2023-02-13,Other,Yes
TEL01064,2024-05-22,Billing,Yes
TEL01065,2022-08-21,Billing,Yes
TEL01067,2022-03-03,Device,Yes
TEL01073,2024-04-19,Other,No
TEL01074,2024-01-19,Billing,Yes
TEL01076,2023-04-27,Billing,Yes
TEL01076,2023-01-04,Billing,Yes
TEL01076,2022-10-04,Billing,No
TEL01077,2021-11-27,Network,Yes
TEL01079,2024-01-11,Network,Yes
TEL01081,2021-08-08,Device,Yes
TEL01082,2021-05-31,Device,Yes
TEL01086,2021-09-13,Device,Yes
TEL01087,2021-07-24,Other,Yes
TEL01089,2023-02-25,Device,Yes
TEL01089,2023-04-06,Billing,Yes
TEL01089,2022-10-09,Network,Yes
TEL01091,2024-05-09,Billing,Yes
TEL01093,2024-02-11,Billing,Yes
TEL01093,2023-04-23,Device,Yes
TEL01094,2023-01-23,Plan change,No
TEL01094,2023-01-31,Billing,Yes
TEL01096,2024-01-27,Billing,No
TEL01098,2024-03-07,Device,Yes
TEL01098,2021-08-22,Device,Yes
TEL01099,2024-04-30,Device,Yes
TEL01099,2024-06-10,Network,Yes
TEL01101,2022-08-13,Billing,Yes
TEL01104,2020-12-22,Billing,Yes
TEL01107,2023-06-06,Network,No
TEL01107,2021-03-11,Billing,Yes
TEL01111,2024-04-28,Other,Yes
TEL01112,2023-10-02,Network,Yes
TEL01112,2024-05-19,Device,Yes
TEL01115,2024-04-04,Network,Yes
TEL01116,2024-06-23,Billing,No
TEL01117,2024-06-30,Network,No
TEL01117,2024-06-30,Other,Yes
TEL01117,2024-06-30,Network,Yes
TEL01119,2022-02-19,Billing,Yes
TEL01120,2023-09-13,Billing,Yes
TEL01122,2023-04-20,Billing,No
TEL01124,2024-06-05,Network,No
TEL01124,2024-06-07,Plan change,Yes
TEL01125,2023-12-19,Billing,Yes
TEL01127,2023-08-29,Billing,Yes
TEL01130,2024-04-06,Billing,Yes
TEL01131,2023-12-24,Billing,Yes
TEL01131,2021-06-01,Network,Yes
TEL01131,2021-12-02,Plan change,No
TEL01131,2020-12-10,Device,Yes
TEL01132,2021-12-13,Device,No
TEL01132,2021-06-21,Billing,Yes
TEL01134,2024-03-27,Plan change,Yes
TEL01135,2023-10-30,Network,No
TEL01136,2022-04-11,Other,No
TEL01136,2022-03-11,Plan change,Yes
TEL01136,2023-01-08,Billing,Yes
TEL01137,2023-10-13,Billing,Yes
TEL01137,2024-06-23,Billing,Yes
TEL01137,2024-03-28,Device,Yes
TEL01139,2020-07-27,Billing,Yes
TEL01142,2023-04-21,Network,Yes
TEL01142,2021-08-18,Network,Yes
TEL01142,2023-08-09,Other,Yes
TEL01143,2021-03-02,Other,Yes
TEL01145,2021-06-28,Billing,Yes
TEL01146,2019-07-16,Device,Yes
TEL01146,2019-12-22,Device,Yes
TEL01146,2019-04-15,Other,Yes
TEL01146,2024-03-11,Other,Yes
TEL01147,2023-04-22,Billing,Yes
TEL01148,2024-06-26,Network,Yes
TEL01148,2021-10-07,Billing,Yes
TEL01149,2021-01-28,Plan change,Yes
TEL01149,2022-11-22,Network,Yes
TEL01151,2024-03-21,Billing,Yes
TEL01151,2022-07-19,Other,Yes
TEL01151,2023-04-11,Billing,Yes
TEL01152,2024-06-29,Plan change,Yes
TEL01153,2024-06-05,Network,No
TEL01154,2021-12-15,Plan change,Yes
TEL01155,2021-06-03,Billing,Yes
TEL01156,2021-02-18,Billing,Yes
TEL01160,2024-02-26,Network,No
TEL01161,2024-02-21,Other,Yes
TEL01163,2024-04-16,Device,Yes
TEL01165,2024-05-08,Billing,Yes
TEL01165,2024-01-29,Network,Yes
TEL01165,2024-05-27,Billing,Yes
TEL01167,2023-11-24,Network,Yes
TEL01168,2023-07-23,Device,No
TEL01170,2024-05-31,Network,Yes
TEL01170,2024-06-26,Network,No
TEL01171,2021-09-22,Billing,Yes
TEL01172,2024-05-08,Other,Yes
TEL01173,2023-10-11,Billing,Yes
TEL01174,2022-07-10,Plan change,No
TEL01174,2022-11-03,Other,Yes
TEL01176,2024-05-25,Network,No
TEL01176,2022-04-30,Device,Yes
TEL01176,2021-06-15,Billing,No
TEL01178,2022-05-26,Billing,No
TEL01179,2024-04-17,Billing,Yes
TEL01180,2023-12-11,Billing,Yes
TEL01180,2020-09-11,Network,Yes
TEL01181,2020-10-22,Billing,Yes
TEL01183,2022-06-27,Plan change,Yes
TEL01184,2021-10-05,Billing,No
TEL01186,2020-06-11,Network,Yes
TEL01186,2022-06-07,Other,No
TEL01188,2024-06-18,Network,Yes
TEL01188,2021-07-29,Billing,No
TEL01189,2023-06-28,Network,No
TEL01189,2023-03-29,Network,Yes
TEL01191,2024-02-23,Billing,Yes
TEL01192,2021-07-02,Network,Yes
TEL01192,2024-05-07,Plan change,No
TEL01193,2023-02-09,Network,Yes
TEL01193,2023-07-09,Network,Yes
TEL01194,2024-06-10,Billing,Yes
TEL01194,2024-06-12,Network,Yes
TEL01194,2024-06-14,Network,No
TEL01195,2023-06-15,Billing,Yes
TEL01195,2022-09-06,Other,Yes
TEL01195,2023-04-19,Network,Yes
TEL01196,2023-11-09,Billing,No
TEL01196,2020-10-22,Device,Yes
TEL01197,2023-02-25,Plan change,Yes
TEL01197,2023-05-01,Network,No
TEL01199,2024-03-18,Billing,Yes
TEL01200,2023-08-01,Billing,Yes
TEL01201,2021-09-20,Other,Yes
TEL01201,2023-03-20,Network,Yes
TEL01203,2018-12-17,Network,Yes
TEL01205,2024-05-13,Billing,Yes
TEL01207,2024-01-25,Network,Yes
TEL01207,2023-09-06,Device,Yes
TEL01208,2024-05-11,Plan change,No
TEL01209,2022-06-06,Other,Yes
TEL01209,2022-07-23,Billing,Yes
TEL01209,2022-10-10,Billing,No
TEL01210,2024-01-25,Other,Yes
TEL01210,2024-03-19,Other,Yes
TEL01210,2023-10-27,Billing,Yes
TEL01211,2023-11-16,Billing,Yes
TEL01211,2023-09-13,Billing,Yes
TEL01212,2024-06-23,Device,Yes
TEL01212,2024-02-05,Device,Yes
TEL01214,2023-03-30,Network,No
TEL01216,2022-04-30,Billing,Yes
TEL01217,2022-02-21,Plan change,Yes
TEL01217,2023-02-19,Billing,Yes
TEL01218,2020-07-15,Network,Yes
TEL01218,2021-11-21,Network,No
TEL01224,2023-06-23,Plan change,Yes
TEL01225,2022-05-02,Network,No
TEL01227,2024-01-14,Network,Yes
TEL01230,2024-06-30,Network,Yes
TEL01230,2024-06-30,Network,Yes
TEL01230,2024-06-30,Network,Yes
TEL01230,2024-06-30,Device,Yes
TEL01230,2024-06-30,Plan change,No
TEL01231,2024-06-17,Device,No
TEL01231,2024-04-23,Device,Yes
TEL01233,2020-05-11,Billing,Yes
TEL01235,2024-06-05,Billing,Yes
TEL01235,2024-02-04,Plan change,Yes
TEL01236,2023-11-11,Billing,Yes
TEL01237,2024-06-07,Other,Yes
TEL01237,2024-05-19,Device,Yes
TEL01240,2022-07-27,Plan change,Yes
TEL01240,2023-04-20,Billing,No
TEL01241,2023-07-28,Plan change,No
TEL01241,2022-04-04,Other,Yes
TEL01241,2023-10-12,Other,Yes
TEL01242,2023-05-20,Network,No
TEL01242,2024-04-25,Billing,No
TEL01242,2023-09-26,Other,Yes
TEL01245,2022-01-24,Device,Yes
TEL01246,2019-09-23,Network,Yes
TEL01246,2020-03-22,Network,No
TEL01248,2023-12-31,Network,No
TEL01249,2021-09-04,Billing,Yes
TEL01251,2023-07-24,Other,Yes
TEL01251,2024-01-11,Network,Yes
TEL01254,2021-11-10,Billing,Yes
TEL01254,2020-08-12,Network,Yes
TEL01255,2021-12-24,Billing,Yes
TEL01255,2022-07-25,Device,Yes
TEL01255,2023-07-18,Plan change,No
TEL01256,2024-05-05,Network,Yes
TEL01257,2023-07-01,Billing,Yes
TEL01260,2024-05-29,Billing,Yes
TEL01262,2023-03-24,Billing,No
TEL01262,2021-07-07,Other,No
TEL01263,2023-10-16,Other,Yes
TEL01263,2024-01-19,Billing,Yes
TEL01265,2024-01-30,Device,Yes
TEL01266,2024-03-13,Billing,Yes
TEL01267,2024-06-20,Network,Yes
TEL01268,2023-02-21,Plan change,No
TEL01268,2023-09-27,Network,Yes
TEL01270,2024-02-25,Device,Yes
TEL01271,2020-07-23,Network,Yes
TEL01274,2023-03-19,Plan change,Yes
TEL01274,2024-04-06,Network,Yes
TEL01275,2024-06-10,Network,Yes
TEL01276,2023-11-22,Billing,Yes
TEL01276,2022-06-12,Network,Yes
TEL01277,2022-07-20,Network,Yes
TEL01277,2022-10-04,Billing,Yes
TEL01277,2022-08-17,Billing,No
TEL01280,2022-12-02,Billing,Yes
TEL01280,2019-12-10,Billing,Yes
TEL01283,2022-10-24,Billing,Yes
TEL01284,2020-02-21,Billing,Yes
TEL01285,2022-11-18,Other,Yes
TEL01286,2023-12-30,Billing,Yes
TEL01287,2023-10-13,Billing,No
TEL01291,2023-09-19,Plan change,No
TEL01292,2024-03-08,Billing,Yes
TEL01292,2024-02-25,Network,Yes
TEL01292,2024-06-07,Device,No
TEL01292,2023-01-16,Network,Yes
TEL01294,2022-10-13,Billing,No
TEL01295,2024-03-04,Billing,Yes
TEL01295,2024-04-11,Plan change,Yes
TEL01299,2023-05-13,Network,Yes
TEL01299,2023-09-17,Billing,Yes
TEL01301,2021-07-01,Billing,Yes
TEL01302,2022-01-28,Network,No
TEL01304,2023-12-17,Device,Yes
TEL01304,2024-01-23,Billing,Yes
TEL01306,2023-12-09,Billing,Yes
TEL01306,2020-09-04,Other,Yes
TEL01307,2023-12-31,Billing,No
TEL01308,2023-03-21,Billing,Yes
TEL01308,2024-03-07,Network,Yes
TEL01309,2020-12-23,Billing,Yes
TEL01310,2022-05-16,Billing,Yes
TEL01310,2022-11-09,Billing,Yes
TEL01313,2022-09-14,Network,Yes
TEL01313,2022-01-21,Billing,Yes
TEL01314,2023-09-25,Network,Yes
TEL01314,2023-11-11,Network,Yes
TEL01315,2024-01-15,Other,No
TEL01316,2023-05-21,Billing,Yes
TEL01316,2022-10-26,Network,No
TEL01316,2024-05-27,Plan change,No
TEL01316,2023-03-27,Device,Yes
TEL01316,2023-10-05,Device,No
TEL01316,2023-08-19,Device,Yes
TEL01317,2023-08-23,Network,Yes
TEL01317,2022-10-25,Network,Yes
TEL01317,2023-09-22,Network,Yes
TEL01320,2024-03-10,Plan change,Yes
TEL01320,2024-02-08,Network,Yes
TEL01322,2024-04-27,Network,No
TEL01323,2022-07-27,Network,No
TEL01324,2022-12-08,Billing,Yes
TEL01326,2023-12-27,Billing,Yes
TEL01327,2023-10-06,Billing,Yes
TEL01327,2023-04-12,Other,Yes
TEL01331,2022-02-05,Network,No
TEL01334,2022-06-13,Billing,Yes
TEL01335,2020-01-20,Device,Yes
TEL01335,2021-03-13,Network,Yes
TEL01335,2021-09-09,Plan change,Yes
TEL01335,2023-03-08,Plan change,Yes
TEL01336,2019-04-17,Device,Yes
TEL01337,2021-05-19,Network,No
TEL01339,2024-05-23,Other,Yes
TEL01340,2021-09-15,Network,Yes
TEL01340,2022-03-21,Billing,No
TEL01340,2022-03-20,Network,Yes
TEL01340,2022-05-25,Network,Yes
TEL01341,2023-02-08,Network,Yes
TEL01342,2023-09-08,Billing,No
TEL01342,2022-01-11,Billing,Yes
TEL01344,2024-06-04,Other,Yes
TEL01345,2023-02-08,Billing,No
TEL01345,2023-06-22,Plan change,Yes
TEL01345,2024-05-15,Device,No
TEL01346,2023-11-05,Billing,Yes
TEL01347,2020-05-16,Billing,Yes
TEL01347,2022-09-30,Network,Yes
TEL01347,2021-06-28,Other,Yes
TEL01348,2019-05-29,Network,Yes
TEL01350,2023-01-28,Network,Yes
TEL01350,2022-10-25,Network,Yes
TEL01352,2020-12-28,Network,Yes
TEL01354,2024-03-07,Device,Yes
TEL01356,2024-04-18,Billing,Yes
TEL01357,2022-05-28,Network,Yes
TEL01357,2022-01-31,Network,Yes
TEL01357,2024-01-20,Plan change,Yes
TEL01360,2022-06-03,Billing,No
TEL01360,2022-06-24,Device,No
TEL01362,2024-06-30,Billing,Yes
TEL01364,2022-08-27,Device,No
TEL01364,2023-03-21,Network,Yes
TEL01364,2023-05-19,Billing,Yes
TEL01368,2022-01-04,Billing,Yes
TEL01368,2023-08-26,Billing,Yes
TEL01369,2023-01-20,Billing,Yes
TEL01369,2020-04-08,Network,Yes
TEL01371,2023-06-27,Billing,Yes
TEL01371,2022-06-07,Billing,No
TEL01373,2024-04-23,Network,Yes
TEL01378,2022-10-18,Other,Yes
TEL01378,2023-01-28,Network,Yes
TEL01379,2021-06-28,Network,No
TEL01379,2022-05-03,Other,Yes
TEL01381,2022-12-23,Billing,Yes
TEL01381,2022-03-01,Network,No
TEL01382,2023-07-08,Billing,No
TEL01383,2022-10-03,Device,Yes
TEL01384,2024-06-17,Plan change,Yes
TEL01385,2022-08-08,Billing,Yes
TEL01385,2022-08-06,Network,Yes
TEL01386,2022-07-25,Network,No
TEL01387,2024-06-30,Network,Yes
TEL01389,2024-04-19,Billing,Yes
TEL01390,2024-06-26,Billing,Yes
TEL01390,2024-05-31,Network,Yes
TEL01391,2024-04-17,Billing,Yes
TEL01393,2023-10-12,Billing,Yes
TEL01393,2023-07-14,Network,Yes
TEL01394,2020-09-09,Plan change,Yes
TEL01394,2019-08-08,Billing,Yes
TEL01394,2018-11-12,Billing,Yes
TEL01397,2023-01-30,Network,Yes
TEL01398,2022-08-08,Billing,Yes
TEL01401,2020-11-29,Device,Yes
TEL01405,2023-01-15,Billing,Yes
TEL01406,2022-02-05,Plan change,No
TEL01407,2024-02-16,Network,No
TEL01409,2024-03-05,Plan change,Yes
TEL01409,2024-04-29,Device,Yes
TEL01409,2022-03-30,Plan change,Yes
TEL01412,2023-06-11,Plan change,Yes
TEL01414,2022-12-29,Plan change,Yes
TEL01416,2022-07-12,Billing,Yes
TEL01416,2022-10-12,Billing,Yes
TEL01418,2024-04-18,Device,Yes
TEL01419,2022-12-29,Plan change,Yes
TEL01420,2024-04-27,Billing,Yes
TEL01421,2020-12-02,Network,Yes
TEL01421,2022-08-26,Device,Yes
TEL01424,2024-02-19,Network,Yes
TEL01425,2023-01-26,Billing,Yes
TEL01426,2024-05-05,Billing,Yes
TEL01431,2024-03-30,Network,No
TEL01431,2022-01-23,Billing,Yes
TEL01431,2022-03-31,Device,Yes
TEL01433,2020-08-17,Other,No
TEL01434,2022-04-19,Device,Yes
TEL01435,2021-10-13,Billing,No
TEL01438,2020-08-26,Network,Yes
TEL01438,2023-02-15,Billing,No
TEL01439,2024-02-02,Network,No
TEL01440,2023-03-04,Network,Yes
TEL01441,2024-05-12,Network,Yes
TEL01442,2023-12-30,Billing,Yes
TEL01447,2023-03-14,Plan change,Yes
TEL01447,2021-07-02,Network,Yes
TEL01449,2022-04-19,Device,Yes
TEL01451,2023-11-30,Network,Yes
TEL01452,2023-09-10,Plan change,Yes
TEL01452,2024-01-16,Plan change,Yes
TEL01452,2024-02-01,Network,Yes
TEL01453,2023-11-12,Other,Yes
TEL01453,2023-09-19,Device,Yes
TEL01453,2023-10-13,Billing,Yes
TEL01453,2021-07-23,Network,Yes
TEL01453,2023-08-02,Device,Yes
TEL01454,2022-07-19,Billing,Yes
TEL01454,2020-01-15,Billing,Yes
TEL01454,2019-10-31,Device,Yes
TEL01455,2023-07-14,Billing,Yes
TEL01455,2023-11-30,Device,No
TEL01455,2023-11-03,Network,Yes
TEL01459,2021-09-09,Plan change,Yes
TEL01461,2023-10-22,Plan change,Yes
TEL01461,2021-11-30,Device,Yes
TEL01461,2021-11-08,Network,Yes
TEL01462,2023-07-31,Plan change,Yes
TEL01464,2024-03-27,Network,Yes
TEL01465,2022-08-08,Plan change,Yes
TEL01466,2021-08-13,Billing,No
TEL01468,2024-02-05,Device,Yes
TEL01469,2022-02-18,Billing,Yes
TEL01469,2021-07-20,Billing,Yes
TEL01471,2024-03-26,Billing,Yes
TEL01472,2023-03-10,Plan change,Yes
TEL01473,2020-09-19,Billing,Yes
TEL01473,2019-11-06,Plan change,Yes
TEL01474,2023-07-20,Network,Yes
TEL01477,2024-04-16,Network,No
TEL01478,2024-06-09,Device,No
TEL01481,2020-07-18,Device,Yes
TEL01482,2022-11-09,Plan change,Yes
TEL01484,2019-08-10,Network,Yes
TEL01484,2022-09-26,Device,Yes
TEL01485,2024-03-23,Network,No
TEL01485,2024-03-06,Network,Yes
TEL01485,2023-01-28,Network,No
TEL01486,2020-12-06,Network,Yes
TEL01486,2023-07-13,Network,Yes
TEL01486,2021-12-22,Device,Yes
TEL01487,2023-06-23,Network,Yes
TEL01488,2024-02-05,Billing,No
TEL01488,2024-04-09,Network,Yes
TEL01491,2023-01-24,Network,Yes
TEL01491,2024-04-28,Network,Yes
TEL01491,2023-03-23,Network,Yes
TEL01492,2024-02-26,Billing,Yes
TEL01495,2023-09-09,Billing,Yes
TEL01497,2021-11-22,Plan change,Yes
TEL01498,2023-06-19,Network,Yes
TEL01499,2023-07-21,Other,No
TEL01500,2024-03-05,Network,Yes
TEL01500,2023-08-12,Billing,Yes
TEL01501,2022-01-14,Other,Yes
TEL01501,2022-06-14,Billing,Yes
TEL01502,2024-03-14,Network,No
TEL01503,2022-09-25,Plan change,No
TEL01503,2022-06-17,Network,No
TEL01505,2024-05-11,Billing,No
TEL01507,2024-04-25,Billing,Yes
TEL01507,2023-01-12,Network,Yes
TEL01509,2024-02-03,Billing,Yes
TEL01510,2024-02-28,Plan change,Yes
TEL01511,2023-11-08,Network,Yes
TEL01511,2024-06-01,Network,No
TEL01512,2024-06-08,Plan change,No
TEL01512,2023-07-15,Billing,Yes
TEL01513,2023-08-04,Network,Yes
TEL01514,2024-05-14,Device,Yes
TEL01516,2024-04-14,Network,Yes
TEL01524,2021-02-15,Billing,Yes
TEL01525,2024-04-02,Other,Yes
TEL01526,2024-05-20,Network,Yes
TEL01527,2023-02-28,Other,Yes
TEL01527,2023-06-30,Billing,Yes
TEL01529,2023-10-14,Network,Yes
TEL01529,2024-02-23,Network,Yes
TEL01534,2024-05-28,Billing,Yes
TEL01534,2023-11-17,Network,Yes
TEL01535,2023-10-19,Billing,Yes
TEL01535,2023-12-24,Device,No
TEL01536,2023-07-01,Billing,Yes
TEL01537,2023-01-04,Other,Yes
TEL01537,2022-07-11,Billing,No
TEL01539,2020-08-09,Billing,Yes
TEL01541,2024-03-29,Network,Yes
TEL01543,2022-01-12,Network,No
TEL01544,2022-06-14,Plan change,Yes
TEL01545,2023-10-21,Billing,Yes
TEL01545,2022-04-16,Network,Yes
TEL01545,2023-01-29,Network,Yes
TEL01546,2023-10-26,Network,Yes
TEL01547,2024-05-06,Device,No
TEL01547,2024-06-11,Billing,Yes
TEL01548,2022-11-19,Device,Yes
TEL01548,2021-02-27,Network,Yes
TEL01550,2023-05-17,Billing,Yes
TEL01550,2024-06-22,Network,Yes
TEL01551,2022-12-30,Network,Yes
TEL01551,2024-04-04,Billing,Yes
TEL01551,2024-06-07,Network,Yes
TEL01553,2019-03-04,Billing,Yes
TEL01554,2024-04-16,Device,Yes
TEL01556,2023-10-09,Billing,Yes
TEL01556,2021-07-28,Billing,No
TEL01556,2023-09-28,Plan change,Yes
TEL01557,2022-01-06,Plan change,Yes
TEL01559,2021-08-01,Billing,Yes
TEL01561,2023-11-20,Plan change,Yes
TEL01563,2021-04-03,Billing,Yes
TEL01563,2021-10-06,Billing,No
TEL01564,2022-11-14,Device,No
TEL01564,2022-07-04,Device,No
TEL01566,2024-06-10,Other,Yes
TEL01566,2023-11-03,Billing,Yes
TEL01566,2023-12-08,Device,Yes
TEL01567,2023-01-08,Plan change,Yes
TEL01568,2024-06-06,Network,Yes
TEL01569,2024-03-09,Billing,Yes
TEL01570,2023-04-19,Plan change,Yes
TEL01570,2021-08-13,Device,Yes
TEL01572,2023-11-18,Network,Yes
TEL01572,2024-05-11,Network,Yes
TEL01574,2022-04-06,Billing,Yes
TEL01577,2023-11-15,Billing,Yes
TEL01577,2020-07-22,Billing,Yes
TEL01578,2024-06-13,Billing,Yes
TEL01578,2024-06-20,Other,Yes
TEL01578,2024-01-17,Billing,Yes
TEL01579,2020-03-24,Device,No
TEL01580,2024-01-27,Network,Yes
TEL01581,2024-05-28,Network,Yes
TEL01582,2023-01-17,Billing,Yes
TEL01582,2024-01-21,Plan change,Yes
TEL01586,2022-09-30,Billing,Yes
TEL01586,2023-04-24,Billing,Yes
TEL01591,2023-05-28,Device,Yes
TEL01591,2024-04-04,Network,No
TEL01591,2021-09-03,Network,Yes
TEL01592,2023-08-11,Other,Yes
TEL01592,2022-06-20,Plan change,Yes
TEL01592,2022-10-21,Billing,Yes
TEL01593,2023-03-25,Network,Yes
TEL01595,2022-04-01,Device,Yes
TEL01597,2023-02-22,Network,No
TEL01604,2023-08-07,Billing,No
TEL01604,2024-03-01,Network,Yes
TEL01606,2023-02-20,Device,Yes
TEL01606,2023-02-20,Other,Yes
TEL01606,2022-01-22,Billing,Yes
TEL01606,2022-03-17,Billing,Yes
TEL01606,2021-12-12,Plan change,No
TEL01609,2021-02-06,Billing,Yes
TEL01610,2021-12-21,Device,Yes
TEL01612,2020-06-29,Billing,No
TEL01613,2024-04-16,Billing,Yes
TEL01614,2022-11-20,Device,Yes
TEL01615,2023-03-18,Billing,Yes
TEL01616,2023-06-03,Network,No
TEL01616,2023-10-19,Device,Yes
TEL01616,2023-06-27,Other,Yes
TEL01618,2022-02-04,Network,Yes
TEL01619,2023-11-17,Network,No
TEL01619,2023-04-30,Billing,Yes
TEL01620,2021-02-07,Device,Yes
TEL01621,2022-06-10,Billing,Yes
TEL01622,2023-10-30,Device,Yes
TEL01622,2022-01-23,Billing,Yes
TEL01624,2023-03-04,Billing,Yes
TEL01624,2022-05-23,Billing,Yes
TEL01625,2023-07-18,Device,Yes
TEL01625,2024-01-14,Plan change,Yes
TEL01627,2022-05-10,Network,Yes
TEL01627,2023-02-19,Network,No
TEL01627,2022-07-15,Billing,Yes
TEL01627,2021-10-05,Network,Yes
TEL01632,2022-04-05,Network,Yes
TEL01632,2020-05-29,Device,Yes
TEL01632,2020-09-03,Billing,Yes
TEL01633,2024-06-27,Billing,No
TEL01634,2021-10-23,Network,Yes
TEL01635,2023-12-29,Device,Yes
TEL01638,2024-05-16,Network,Yes
TEL01638,2023-04-08,Billing,Yes
TEL01639,2024-05-19,Billing,Yes
TEL01640,2024-03-05,Network,Yes
TEL01641,2020-10-01,Device,Yes
TEL01642,2024-02-13,Network,Yes
TEL01642,2023-11-01,Billing,Yes
TEL01642,2024-03-19,Plan change,No
TEL01642,2024-01-09,Billing,No
TEL01643,2023-11-04,Plan change,Yes
TEL01643,2024-04-07,Billing,Yes
TEL01644,2024-05-14,Network,Yes
TEL01646,2022-09-07,Network,Yes
TEL01646,2022-05-26,Other,Yes
TEL01647,2024-06-01,Billing,No
TEL01647,2024-06-13,Network,Yes
TEL01649,2023-10-22,Billing,Yes
TEL01650,2024-05-22,Network,Yes
TEL01651,2023-04-05,Network,Yes
TEL01651,2022-06-14,Billing,No
TEL01652,2024-06-16,Plan change,Yes
TEL01652,2020-08-12,Device,Yes
TEL01653,2023-12-25,Network,Yes
TEL01654,2023-10-28,Network,Yes
TEL01654,2023-05-19,Network,Yes
TEL01654,2024-05-26,Billing,No
TEL01654,2024-04-02,Plan change,Yes
TEL01655,2022-02-01,Network,Yes
TEL01655,2023-07-17,Billing,Yes
TEL01656,2023-10-29,Network,No
TEL01656,2024-06-15,Other,No
TEL01657,2022-05-05,Device,Yes
TEL01657,2023-12-20,Network,Yes
TEL01659,2023-12-05,Device,Yes
TEL01659,2024-01-28,Other,Yes
TEL01660,2023-05-31,Billing,Yes
TEL01661,2023-07-24,Network,Yes
TEL01661,2023-08-16,Network,Yes
TEL01663,2020-08-12,Network,Yes
TEL01664,2023-02-12,Network,Yes
TEL01668,2023-01-30,Billing,Yes
TEL01669,2020-02-22,Network,Yes
TEL01670,2023-06-29,Other,Yes
TEL01671,2023-10-16,Device,Yes
TEL01671,2024-02-14,Plan change,Yes
TEL01672,2024-04-21,Billing,No
TEL01673,2021-01-03,Billing,Yes
TEL01675,2023-11-30,Billing,Yes
TEL01675,2023-12-11,Network,Yes
TEL01679,2023-01-27,Network,Yes
TEL01679,2021-10-04,Network,Yes
TEL01681,2022-04-30,Other,Yes
TEL01682,2024-06-14,Network,Yes
TEL01682,2024-05-03,Network,Yes
TEL01685,2022-03-13,Plan change,Yes
TEL01687,2021-06-15,Plan change,No
TEL01688,2023-01-16,Plan change,Yes
TEL01688,2023-01-14,Other,Yes
TEL01689,2021-01-24,Billing,Yes
TEL01690,2022-11-02,Network,Yes
TEL01691,2022-02-10,Network,Yes
TEL01694,2023-11-01,Plan change,Yes
TEL01694,2022-06-13,Billing,Yes
TEL01695,2024-01-24,Device,No
TEL01695,2023-08-13,Plan change,Yes
TEL01695,2022-07-31,Network,Yes
TEL01695,2022-03-20,Device,Yes
TEL01697,2024-04-09,Network,Yes
TEL01698,2021-10-14,Billing,Yes
TEL01698,2021-12-12,Billing,Yes
TEL01699,2023-10-22,Network,Yes
TEL01699,2024-04-23,Network,No
TEL01699,2024-05-11,Network,Yes
TEL01699,2023-11-18,Network,Yes
TEL01701,2024-01-15,Other,Yes
TEL01701,2024-02-15,Billing,Yes
TEL01701,2021-04-29,Network,Yes
TEL01701,2022-12-25,Plan change,Yes
TEL01702,2018-10-23,Device,Yes
TEL01702,2024-03-18,Network,Yes
TEL01707,2020-05-08,Network,No
TEL01707,2023-10-27,Billing,Yes
TEL01708,2024-01-03,Billing,No
TEL01710,2022-11-04,Network,Yes
TEL01710,2018-08-25,Network,No
TEL01711,2024-03-07,Billing,No
TEL01713,2022-11-13,Network,Yes
TEL01714,2022-01-16,Billing,Yes
TEL01715,2024-05-01,Other,Yes
TEL01716,2019-02-21,Network,Yes
TEL01716,2021-05-17,Other,Yes
TEL01716,2022-12-24,Billing,Yes
TEL01717,2023-04-09,Other,Yes
TEL01717,2023-02-16,Network,Yes
TEL01719,2021-02-27,Network,Yes
TEL01719,2021-10-30,Billing,Yes
TEL01719,2020-03-13,Billing,No
TEL01720,2024-05-29,Network,No
TEL01720,2024-06-04,Network,Yes
TEL01721,2020-11-19,Network,No
TEL01721,2024-05-06,Plan change,Yes
TEL01721,2021-11-27,Billing,Yes
TEL01722,2024-03-28,Network,Yes
TEL01723,2020-10-30,Billing,Yes
TEL01723,2021-01-03,Network,Yes
TEL01726,2023-12-08,Billing,No
TEL01727,2024-04-28,Billing,No
TEL01730,2023-04-17,Plan change,Yes
TEL01731,2021-03-22,Billing,No
TEL01731,2021-07-04,Network,Yes
TEL01732,2024-06-30,Plan change,Yes
TEL01733,2024-02-16,Plan change,No
TEL01734,2024-06-24,Billing,Yes
TEL01735,2023-09-19,Plan change,Yes
TEL01735,2021-07-04,Network,Yes
TEL01735,2023-01-14,Network,Yes
TEL01736,2022-10-16,Other,No
TEL01738,2024-06-21,Billing,Yes
TEL01738,2024-04-16,Network,No
TEL01740,2023-07-15,Plan change,Yes
TEL01742,2022-07-30,Network,No
TEL01742,2022-11-15,Network,Yes
TEL01745,2022-04-11,Other,Yes
TEL01745,2024-06-13,Other,Yes
TEL01745,2023-04-15,Other,Yes
TEL01745,2022-04-04,Network,Yes
TEL01745,2022-08-14,Plan change,Yes
TEL01746,2024-05-30,Network,Yes
TEL01748,2022-11-04,Network,No
TEL01748,2019-12-15,Billing,Yes
TEL01749,2024-05-07,Billing,Yes
TEL01749,2020-01-31,Device,Yes
TEL01750,2024-04-24,Network,Yes
TEL01752,2024-05-31,Billing,Yes
TEL01755,2023-07-11,Plan change,Yes
TEL01755,2022-10-29,Network,Yes
TEL01757,2024-06-04,Billing,Yes
TEL01757,2021-08-05,Device,No
TEL01761,2021-06-02,Plan change,Yes
TEL01762,2019-05-17,Device,Yes
TEL01762,2024-06-29,Device,Yes
TEL01762,2019-11-16,Billing,Yes
TEL01764,2023-12-08,Plan change,Yes
TEL01765,2019-10-31,Device,Yes
TEL01766,2024-05-31,Billing,Yes
TEL01768,2023-01-04,Billing,Yes
TEL01769,2023-11-23,Billing,Yes
TEL01770,2024-06-24,Network,Yes
TEL01772,2023-03-10,Plan change,Yes
TEL01774,2024-06-23,Network,Yes
TEL01777,2021-01-09,Network,Yes
TEL01779,2024-01-22,Billing,Yes
TEL01779,2024-04-29,Plan change,Yes
TEL01779,2023-11-23,Other,No
TEL01782,2024-01-22,Device,Yes
TEL01785,2023-05-30,Other,Yes
TEL01785,2022-06-14,Device,Yes
TEL01786,2023-06-28,Network,Yes
TEL01787,2022-02-07,Billing,Yes
TEL01788,2023-12-31,Other,Yes
TEL01789,2024-04-26,Network,No
TEL01790,2024-06-29,Billing,Yes
TEL01790,2024-06-08,Billing,Yes
TEL01790,2024-04-27,Plan change,Yes
TEL01792,2023-06-17,Device,Yes
TEL01792,2020-06-02,Device,Yes
TEL01792,2024-04-22,Billing,Yes
TEL01792,2023-05-25,Network,No
TEL01793,2024-06-23,Billing,No
TEL01794,2022-09-30,Network,Yes
TEL01794,2024-05-28,Network,Yes
TEL01795,2024-04-11,Network,Yes
TEL01796,2021-07-06,Network,Yes
TEL01797,2022-08-04,Network,No
TEL01797,2023-01-14,Billing,Yes
TEL01798,2022-08-21,Billing,No
TEL01799,2024-06-05,Device,Yes
TEL01801,2019-08-30,Network,Yes
TEL01802,2024-04-12,Network,Yes
TEL01803,2023-05-25,Billing,Yes
TEL01803,2023-12-11,Billing,No
TEL01803,2023-05-08,Network,Yes
TEL01804,2024-06-22,Billing,Yes
TEL01805,2023-10-02,Network,Yes
TEL01805,2022-03-05,Billing,Yes
TEL01805,2021-03-01,Network,Yes
TEL01808,2020-08-27,Plan change,Yes
TEL01809,2022-12-22,Plan change,Yes
TEL01809,2019-08-12,Network,No
TEL01809,2022-09-21,Other,Yes
TEL01809,2023-07-02,Plan change,Yes
TEL01813,2023-11-01,Plan change,Yes
TEL01816,2023-04-11,Billing,Yes
TEL01816,2022-08-31,Billing,Yes
TEL01817,2024-05-14,Billing,Yes
TEL01818,2024-05-27,Billing,Yes
TEL01818,2024-06-11,Billing,Yes
TEL01820,2024-06-22,Device,Yes
TEL01821,2023-09-30,Network,Yes
TEL01821,2023-12-25,Billing,Yes
TEL01821,2023-06-06,Billing,Yes
TEL01823,2021-04-01,Device,Yes
TEL01823,2020-12-16,Billing,Yes
TEL01824,2020-09-06,Network,Yes
TEL01824,2020-06-22,Billing,Yes
TEL01824,2024-01-26,Network,Yes
TEL01825,2023-10-12,Billing,Yes
TEL01825,2023-01-09,Plan change,Yes
TEL01825,2019-05-11,Other,No
TEL01826,2021-12-29,Network,Yes
TEL01827,2023-07-11,Network,Yes
TEL01827,2023-02-10,Billing,Yes
TEL01832,2024-06-05,Billing,No
TEL01835,2022-08-12,Billing,Yes
TEL01837,2021-07-17,Device,Yes
TEL01838,2023-05-11,Billing,Yes
TEL01840,2019-10-04,Billing,Yes
TEL01841,2023-04-20,Device,No
TEL01841,2019-07-13,Network,Yes
TEL01841,2019-10-13,Billing,Yes
TEL01845,2022-08-26,Device,Yes
TEL01845,2023-02-04,Other,Yes
TEL01845,2023-06-22,Network,Yes
TEL01847,2023-03-19,Billing,Yes
TEL01847,2022-06-02,Other,Yes
TEL01848,2024-06-30,Billing,Yes
TEL01848,2024-06-30,Other,Yes
TEL01849,2024-05-02,Network,Yes
TEL01851,2021-01-17,Other,Yes
TEL01851,2019-11-18,Billing,Yes
TEL01852,2023-08-24,Billing,Yes
TEL01852,2023-10-25,Network,Yes
TEL01854,2022-01-09,Network,Yes
TEL01856,2022-11-09,Device,Yes
TEL01856,2022-01-22,Billing,Yes
TEL01861,2021-05-12,Network,Yes
TEL01861,2020-06-17,Device,Yes
TEL01862,2024-01-15,Other,Yes
TEL01863,2020-05-28,Network,Yes
TEL01863,2023-08-06,Billing,Yes
TEL01864,2024-06-14,Billing,Yes
TEL01865,2022-07-22,Billing,Yes
TEL01866,2022-03-11,Network,Yes
TEL01869,2023-11-16,Network,Yes
TEL01870,2024-01-06,Network,No
TEL01872,2024-04-11,Network,Yes
TEL01873,2022-07-22,Device,Yes
TEL01873,2024-02-08,Plan change,Yes
TEL01873,2023-11-03,Network,Yes
TEL01875,2022-09-10,Device,Yes
TEL01876,2024-06-08,Device,Yes
TEL01878,2024-05-26,Other,Yes
TEL01878,2024-06-05,Billing,Yes
TEL01879,2021-04-18,Network,Yes
TEL01882,2023-08-31,Plan change,Yes
TEL01882,2023-05-26,Plan change,No
TEL01884,2022-03-27,Device,Yes
TEL01886,2021-11-17,Billing,No
TEL01886,2023-07-14,Billing,Yes
TEL01886,2024-05-15,Other,Yes
TEL01887,2023-09-30,Network,Yes
TEL01889,2023-08-22,Billing,Yes
TEL01890,2024-06-19,Network,Yes
TEL01890,2023-11-21,Billing,Yes
TEL01892,2024-06-28,Network,Yes
TEL01893,2023-11-17,Plan change,Yes
TEL01894,2022-10-08,Billing,Yes
TEL01894,2022-07-18,Billing,Yes
TEL01896,2022-03-25,Device,Yes
TEL01898,2022-05-17,Device,Yes
TEL01898,2022-06-07,Network,Yes
TEL01899,2020-03-20,Device,Yes
TEL01900,2022-08-25,Plan change,Yes
TEL01900,2022-05-27,Plan change,Yes
TEL01904,2023-11-02,Other,No
TEL01908,2024-06-21,Network,Yes
TEL01908,2024-06-04,Plan change,No
TEL01909,2022-10-12,Billing,Yes
TEL01909,2023-09-06,Network,Yes
TEL01910,2022-01-13,Other,Yes
TEL01910,2022-04-16,Other,Yes
TEL01910,2020-08-10,Network,Yes
TEL01911,2023-09-04,Billing,Yes
TEL01914,2023-02-19,Network,Yes
TEL01914,2023-01-07,Device,Yes
TEL01915,2022-03-21,Plan change,Yes
TEL01915,2023-10-31,Network,Yes
TEL01917,2023-01-21,Other,Yes
TEL01919,2023-07-27,Network,No
TEL01919,2023-05-05,Network,Yes
TEL01919,2023-03-27,Device,Yes
TEL01920,2024-04-15,Billing,Yes
TEL01922,2023-12-20,Billing,Yes
TEL01926,2024-05-24,Network,No
TEL01929,2023-03-27,Plan change,Yes
TEL01930,2024-06-13,Network,No
TEL01930,2024-05-31,Billing,Yes
TEL01931,2022-03-26,Other,Yes
TEL01933,2020-10-06,Network,No
TEL01935,2023-11-13,Billing,Yes
TEL01936,2024-06-17,Billing,Yes
TEL01937,2022-07-24,Other,No
TEL01937,2018-08-01,Device,No
TEL01940,2021-03-25,Billing,Yes
TEL01940,2024-06-24,Other,Yes
TEL01941,2023-09-07,Billing,No
TEL01941,2019-07-27,Device,No
TEL01942,2023-10-25,Billing,No
TEL01942,2024-02-24,Network,Yes
TEL01943,2021-07-15,Other,Yes
TEL01944,2023-08-26,Other,No
TEL01944,2020-03-17,Billing,Yes
TEL01945,2024-04-06,Network,No
TEL01946,2019-12-01,Billing,Yes
TEL01948,2022-02-08,Network,No
TEL01948,2021-12-09,Network,Yes
TEL01948,2023-10-20,Plan change,Yes
TEL01948,2024-01-26,Network,Yes
TEL01949,2023-12-24,Plan change,Yes
TEL01951,2020-08-24,Billing,No
TEL01951,2021-07-10,Network,Yes
TEL01952,2023-07-07,Network,Yes
TEL01952,2019-07-19,Other,Yes
TEL01957,2022-11-21,Device,Yes
TEL01958,2023-03-30,Network,Yes
TEL01958,2023-06-01,Device,Yes
TEL01958,2023-07-06,Billing,Yes
TEL01958,2023-10-25,Network,Yes
TEL01959,2020-09-07,Plan change,Yes
TEL01960,2021-12-04,Network,No
TEL01960,2023-09-16,Device,Yes
TEL01965,2023-08-09,Other,No
TEL01965,2024-04-29,Billing,No
TEL01967,2023-05-02,Network,No
TEL01968,2024-04-19,Plan change,Yes
TEL01968,2024-05-07,Plan change,Yes
TEL01969,2024-02-14,Billing,Yes
TEL01972,2023-10-16,Billing,Yes
TEL01973,2023-12-06,Billing,Yes
TEL01974,2022-08-05,Other,Yes
TEL01974,2022-07-15,Billing,Yes
TEL01975,2022-09-03,Billing,Yes
TEL01976,2024-02-06,Device,Yes
TEL01978,2024-06-16,Network,Yes
TEL01979,2021-07-16,Network,Yes
TEL01979,2022-11-27,Other,No
TEL01980,2024-04-03,Network,Yes
TEL01983,2024-05-05,Network,Yes
TEL01983,2024-06-01,Billing,Yes
TEL01984,2024-01-01,Network,Yes
TEL01985,2021-04-01,Billing,Yes
TEL01986,2021-12-31,Network,No
TEL01987,2024-05-06,Network,No
TEL01987,2024-04-03,Billing,No
TEL01988,2020-10-03,Plan change,No
TEL01988,2021-10-30,Billing,Yes
TEL01991,2023-10-08,Device,Yes
TEL01993,2020-08-23,Network,Yes
TEL01993,2023-01-13,Device,Yes
TEL01993,2022-10-04,Billing,No
TEL01995,2023-09-02,Network,Yes
TEL01996,2024-04-29,Billing,No
TEL01996,2023-11-19,Network,Yes
TEL01999,2022-02-19,Network,Yes
TEL02000,2023-11-27,Network,Yes
TEL02000,2023-11-24,Other,Yes
TEL02000,2024-05-13,Network,Yes
