sample_id,machine,supplier,work_shift,tensile_strength_mpa,surface_roughness_um,passed,defect_type
S00117,A,X,day,485.0,2.0,pass,none
S01012,B,Y,night,515.4,1.53,fail,crack
S01417,C,X,day,527.6,1.64,pass,none
S00092,A,X,night,486.7,1.61,fail,porosity
S01720,C,Y,day,504.2,1.25,pass,none
S01607,C,Y,night,518.0,1.83,fail,inclusion
S00119,A,X,day,504.5,1.64,pass,none
S01014,B,Y,day,507.3,1.76,pass,none
S00367,A,Y,night,498.4,1.14,pass,none
S00742,B,X,night,479.4,2.02,fail,inclusion
S00762,B,X,night,508.0,0.8,fail,porosity
S00482,A,Y,night,519.4,1.04,pass,none
S01371,C,X,night,516.1,0.86,pass,none
S00506,A,Y,day,521.8,1.04,pass,none
S01331,C,X,day,493.4,1.73,fail,inclusion
S01582,C,Y,night,534.1,2.11,pass,none
S01362,C,X,day,507.5,1.52,pass,none
S01459,C,X,day,515.9,1.7,pass,none
S00884,B,X,day,517.2,1.54,pass,none
S01401,C,X,day,539.3,1.22,pass,none
S01656,C,Y,night,531.3,1.43,pass,none
S00751,B,X,day,494.2,1.18,pass,none
S00831,B,X,night,491.4,1.64,pass,none
S00940,B,Y,night,497.5,1.86,pass,none
S00980,B,Y,day,497.3,2.31,fail,porosity
S01136,B,Y,day,515.1,1.18,pass,none
S01069,B,Y,night,495.7,1.28,fail,porosity
S00808,B,X,night,508.2,1.62,pass,none
S00118,A,X,night,480.4,1.93,fail,porosity
S00567,A,Y,night,494.3,0.93,fail,porosity
S00690,B,X,day,518.8,1.84,fail,crack
S00313,A,Y,night,481.5,1.95,fail,crack
S01343,C,X,night,506.9,1.66,fail,porosity
S00925,B,Y,day,498.8,1.16,fail,crack
S01526,C,Y,day,535.2,1.73,pass,none
S00987,B,Y,night,490.2,0.9,fail,crack
S01276,C,X,day,521.8,1.7,pass,none
S00827,B,X,day,480.9,1.32,fail,porosity
S00566,A,Y,night,522.2,2.16,pass,none
S01481,C,X,night,505.3,1.21,fail,crack
S01448,C,X,night,519.9,1.77,pass,none
S00525,A,Y,night,486.6,1.22,pass,none
S01373,C,X,day,529.1,1.62,pass,none
S00959,B,Y,night,486.7,1.78,fail,porosity
S01142,B,Y,day,489.0,0.63,pass,none
S01765,C,Y,night,529.4,1.58,fail,crack
S00254,A,X,day,483.2,1.87,fail,porosity
S01195,B,Y,day,490.4,1.07,fail,crack
S01536,C,Y,day,537.0,1.96,pass,none
S01110,B,Y,day,526.1,1.65,pass,none
S00294,A,X,day,483.0,1.59,pass,none
S00974,B,Y,night,493.4,1.84,fail,porosity
S01338,C,X,day,515.1,1.46,pass,none
S01051,B,Y,day,501.5,1.94,fail,porosity
S00572,A,Y,night,514.6,1.21,pass,none
S00083,A,X,day,501.8,2.14,fail,crack
S00555,A,Y,night,497.6,1.97,fail,porosity
S00267,A,X,day,510.5,1.73,fail,porosity
S01387,C,X,night,503.2,1.69,pass,none
S01666,C,Y,night,529.5,0.87,pass,none
S01206,C,X,day,526.3,1.66,pass,none
S01013,B,Y,night,512.6,1.53,pass,none
S01096,B,Y,day,499.7,1.11,pass,none
S00471,A,Y,day,497.7,1.79,pass,none
S01085,B,Y,day,516.7,1.93,pass,none
S00021,A,X,day,477.3,1.69,fail,porosity
S01134,B,Y,day,508.8,1.91,pass,none
S01124,B,Y,day,480.4,0.95,pass,none
S00785,B,X,night,509.7,1.35,pass,none
S01512,C,Y,night,547.4,1.94,pass,none
S00062,A,X,night,476.6,1.11,fail,inclusion
S00614,B,X,night,507.4,1.3,pass,none
S00840,B,X,night,488.9,0.8,pass,none
S01659,C,Y,day,517.4,1.94,pass,none
S00318,A,Y,day,520.1,1.34,pass,none
S00287,A,X,night,517.5,1.53,pass,none
S01675,C,Y,day,543.1,1.06,pass,none
S00385,A,Y,day,508.9,1.61,pass,none
S00689,B,X,day,497.8,1.39,fail,porosity
S01772,C,Y,day,515.9,1.63,pass,none
S01483,C,X,night,519.0,1.62,pass,none
S00030,A,X,night,504.1,1.66,pass,none
S01541,C,Y,day,509.6,1.19,pass,none
S01400,C,X,night,503.4,1.92,pass,none
S00384,A,Y,day,491.4,1.41,pass,none
S00223,A,X,night,485.7,1.51,fail,porosity
S01426,C,X,day,499.0,0.98,pass,none
S00432,A,Y,night,497.5,1.49,fail,crack
S00888,B,X,day,494.8,1.77,pass,none
S00945,B,Y,day,481.4,1.66,fail,crack
S00445,A,Y,day,494.7,1.38,pass,none
S00914,B,Y,night,506.8,1.92,pass,none
S01519,C,Y,day,513.6,1.87,pass,none
S01489,C,X,night,513.4,1.6,pass,none
S01576,C,Y,night,518.1,1.09,pass,none
S01558,C,Y,night,510.4,1.37,pass,none
S01027,B,Y,night,492.2,1.81,pass,none
S00503,A,Y,day,503.6,1.97,pass,none
S00621,B,X,night,487.2,1.85,fail,porosity
S01349,C,X,night,504.1,1.56,fail,porosity
S01618,C,Y,night,525.4,1.73,pass,none
S00551,A,Y,day,496.6,1.91,pass,none
S01204,C,X,day,535.6,1.83,pass,none
S00312,A,Y,night,502.5,2.09,fail,crack
S01525,C,Y,night,548.0,1.36,pass,none
S00064,A,X,day,496.9,1.96,pass,none
S00247,A,X,night,503.9,1.86,fail,porosity
S01499,C,X,night,536.6,1.84,pass,none
S00017,A,X,day,492.9,2.02,fail,crack
S01165,B,Y,day,505.8,1.87,pass,none
S00455,A,Y,day,498.6,1.6,pass,none
S01754,C,Y,day,529.5,1.91,pass,none
S00872,B,X,day,486.4,2.28,fail,inclusion
S00919,B,Y,night,506.9,1.77,pass,none
S00096,A,X,night,482.4,1.0,pass,none
S00741,B,X,day,493.3,1.82,pass,none
S01250,C,X,day,501.2,2.56,pass,none
S01112,B,Y,night,513.5,2.03,pass,none
S00791,B,X,day,495.2,1.96,fail,inclusion
S00758,B,X,night,497.7,1.08,pass,none
S01788,C,Y,day,499.5,1.5,fail,crack
S00903,B,Y,night,513.5,1.37,pass,none
S00465,A,Y,night,521.0,1.66,pass,none
S00328,A,Y,night,511.1,1.79,pass,none
S00298,A,X,day,483.8,1.54,pass,none
S01649,C,Y,night,523.6,1.85,pass,none
S01441,C,X,night,519.8,2.11,pass,none
S00424,A,Y,day,500.4,1.06,pass,none
S00527,A,Y,day,509.2,1.09,pass,none
S01456,C,X,night,520.0,1.78,pass,none
S00532,A,Y,day,520.0,1.93,pass,none
S01672,C,Y,night,518.2,1.89,fail,crack
S00854,B,X,night,482.3,1.51,fail,porosity
S01222,C,X,night,512.9,1.1,pass,none
S01495,C,X,day,531.2,1.47,pass,none
S00466,A,Y,day,500.1,1.29,fail,inclusion
S00609,B,X,night,483.1,1.28,pass,none
S01209,C,X,night,520.8,1.79,pass,none
S00190,A,X,day,489.2,1.59,pass,none
S01457,C,X,day,494.1,1.4,pass,none
S00347,A,Y,night,512.6,1.4,pass,none
S00792,B,X,day,476.6,1.75,fail,porosity
S01437,C,X,day,499.3,1.31,pass,none
S00692,B,X,day,488.5,1.09,pass,none
S00392,A,Y,night,483.1,1.5,fail,crack
S01293,C,X,night,492.2,1.79,fail,crack
S00160,A,X,day,501.7,1.81,fail,porosity
S01318,C,X,night,512.9,1.51,pass,none
S01658,C,Y,night,536.1,1.74,fail,crack
S00089,A,X,night,493.6,1.47,pass,none
S00849,B,X,day,494.6,2.21,pass,none
S00910,B,Y,day,507.2,1.33,pass,none
S00757,B,X,day,502.5,2.0,pass,none
S01626,C,Y,day,515.5,1.9,pass,none
S01784,C,Y,night,513.0,2.1,pass,none
S01624,C,Y,night,497.4,1.21,pass,none
S01427,C,X,day,508.5,1.14,pass,none
S00126,A,X,night,516.8,2.1,fail,crack
S00634,B,X,night,475.6,0.79,fail,crack
S01040,B,Y,day,528.5,1.89,pass,none
S00476,A,Y,night,512.2,1.81,fail,porosity
S01243,C,X,night,523.6,1.83,pass,none
S00594,A,Y,day,496.9,1.2,pass,none
S00876,B,X,night,509.7,1.46,fail,crack
S00864,B,X,night,491.5,2.45,pass,none
S01528,C,Y,day,517.1,1.69,pass,none
S01076,B,Y,night,526.5,1.45,pass,none
S00710,B,X,day,494.8,1.84,fail,inclusion
S01714,C,Y,night,507.7,2.01,pass,none
S00985,B,Y,day,496.6,0.82,pass,none
S00905,B,Y,day,499.3,1.31,pass,none
S01421,C,X,night,509.9,1.57,pass,none
S01397,C,X,day,492.6,2.09,fail,porosity
S00343,A,Y,day,508.8,1.85,pass,none
S00587,A,Y,night,537.3,2.6,pass,none
S01667,C,Y,day,517.2,1.32,pass,none
S00324,A,Y,night,511.6,1.84,pass,none
S01527,C,Y,night,522.2,1.38,pass,none
S01413,C,X,day,508.4,1.17,pass,none
S00801,B,X,night,505.2,1.62,pass,none
S01434,C,X,night,505.8,1.79,pass,none
S00871,B,X,night,505.9,1.93,pass,none
S00783,B,X,day,489.6,1.55,pass,none
S01309,C,X,night,495.2,1.54,pass,none
S01004,B,Y,day,494.9,1.43,pass,none
S01538,C,Y,night,525.9,1.62,pass,none
S00382,A,Y,day,535.9,1.43,pass,none
S01199,B,Y,day,517.5,1.58,pass,none
S00490,A,Y,day,512.5,1.83,pass,none
S00651,B,X,night,488.7,0.93,pass,none
S00724,B,X,night,482.6,1.58,fail,porosity
S01463,C,X,day,498.1,1.88,fail,crack
S00131,A,X,night,492.4,1.74,fail,inclusion
S00901,B,Y,day,498.3,1.59,pass,none
S00014,A,X,night,511.5,2.27,fail,inclusion
S00655,B,X,day,504.5,1.96,pass,none
S00123,A,X,night,506.8,1.43,pass,none
S00006,A,X,day,513.1,1.73,pass,none
S01254,C,X,day,519.6,2.19,pass,none
S00929,B,Y,day,497.9,1.33,pass,none
S01098,B,Y,night,496.0,1.24,fail,crack
S01622,C,Y,day,530.7,2.12,pass,none
S00781,B,X,day,503.7,1.59,pass,none
S00011,A,X,day,501.3,1.19,pass,none
S00437,A,Y,night,504.6,1.6,fail,inclusion
S01736,C,Y,night,520.5,2.7,pass,none
S01710,C,Y,day,504.9,2.07,pass,none
S01627,C,Y,day,547.3,1.0,pass,none
S00775,B,X,day,472.3,1.53,pass,none
S00967,B,Y,night,522.1,1.23,pass,none
S00373,A,Y,day,505.5,1.1,pass,none
S01067,B,Y,night,497.4,1.4,pass,none
S00976,B,Y,night,523.3,1.49,pass,none
S00726,B,X,night,504.3,1.51,pass,none
S01682,C,Y,night,500.6,1.97,pass,none
S01050,B,Y,day,498.6,1.85,fail,porosity
S01439,C,X,night,501.4,0.92,pass,none
S00146,A,X,night,479.8,1.93,fail,porosity
S00746,B,X,night,489.2,1.63,pass,none
S01288,C,X,night,507.3,1.48,pass,none
S01551,C,Y,night,515.9,1.77,pass,none
S01009,B,Y,day,503.7,1.11,pass,none
S01034,B,Y,day,493.0,1.92,fail,inclusion
S00718,B,X,day,492.6,1.08,pass,none
S00306,A,Y,night,515.9,1.89,pass,none
S00706,B,X,night,486.9,1.47,pass,none
S00383,A,Y,day,534.0,1.8,pass,none
S00115,A,X,day,479.5,1.2,pass,none
S00009,A,X,night,500.9,1.59,pass,none
S01477,C,X,night,503.4,2.16,pass,none
S00894,B,X,night,481.5,1.87,fail,porosity
S01271,C,X,day,529.3,1.53,pass,none
S00276,A,X,day,511.0,1.5,pass,none
S01267,C,X,night,495.9,1.46,fail,porosity
S01431,C,X,day,487.7,1.62,fail,porosity
S01611,C,Y,day,524.0,0.98,pass,none
S01763,C,Y,night,526.8,0.98,pass,none
S01205,C,X,day,500.6,1.68,pass,none
S01042,B,Y,day,513.1,1.15,pass,none
S00862,B,X,day,488.5,1.51,pass,none
S01264,C,X,day,497.5,1.53,pass,none
S00743,B,X,day,495.5,1.72,fail,porosity
S00364,A,Y,night,489.0,0.97,pass,none
S01589,C,Y,day,543.5,1.31,pass,none
S01718,C,Y,night,528.2,0.98,pass,none
S01024,B,Y,day,486.9,1.59,pass,none
S00292,A,X,night,483.5,1.42,fail,porosity
S00234,A,X,day,501.7,1.14,pass,none
S00615,B,X,night,531.2,1.02,pass,none
S01044,B,Y,day,488.1,2.53,fail,porosity
S01182,B,Y,day,488.1,1.61,fail,porosity
S01058,B,Y,day,516.1,1.69,pass,none
S01221,C,X,night,510.8,1.05,pass,none
S00397,A,Y,day,478.0,2.14,fail,crack
S01186,B,Y,day,495.0,2.25,fail,crack
S00178,A,X,night,501.3,1.47,pass,none
S00102,A,X,day,503.9,1.3,pass,none
S01127,B,Y,night,499.4,2.02,fail,crack
S00928,B,Y,night,486.9,1.73,pass,none
S00881,B,X,day,503.1,1.1,pass,none
S01594,C,Y,night,516.7,1.86,pass,none
S01269,C,X,night,509.2,1.51,pass,none
S00749,B,X,day,501.1,2.09,pass,none
S01686,C,Y,night,536.9,2.27,fail,inclusion
S00578,A,Y,day,491.4,1.49,fail,inclusion
S01339,C,X,day,487.3,1.41,pass,none
S00497,A,Y,night,488.7,1.08,pass,none
S01555,C,Y,day,513.5,1.55,pass,none
S00992,B,Y,night,518.7,1.61,pass,none
S01603,C,Y,night,523.7,1.67,pass,none
S00833,B,X,day,484.1,1.11,pass,none
S00548,A,Y,night,498.3,0.97,pass,none
S00869,B,X,day,486.1,1.95,fail,porosity
S00302,A,Y,night,515.1,1.01,fail,crack
S00398,A,Y,night,505.1,1.96,pass,none
S00237,A,X,night,482.9,1.8,fail,crack
S00475,A,Y,day,496.9,1.48,pass,none
S01472,C,X,day,500.7,2.15,fail,inclusion
S00870,B,X,day,498.3,1.92,pass,none
S01590,C,Y,night,526.6,1.46,pass,none
S00719,B,X,day,500.7,1.56,fail,porosity
S01216,C,X,night,536.1,1.48,pass,none
S00355,A,Y,day,499.7,1.25,pass,none
S00244,A,X,day,487.7,1.11,pass,none
S00795,B,X,day,507.7,1.99,fail,porosity
S01139,B,Y,day,508.2,2.14,pass,none
S01584,C,Y,night,550.3,1.25,pass,none
S00486,A,Y,night,495.9,1.0,pass,none
S00829,B,X,night,508.7,1.96,pass,none
S00085,A,X,day,488.6,1.75,pass,none
S00574,A,Y,night,512.8,1.48,pass,none
S01104,B,Y,night,515.1,1.62,pass,none
S01306,C,X,day,521.7,1.13,pass,none
S01739,C,Y,day,525.3,1.58,pass,none
S00687,B,X,night,492.1,1.24,fail,crack
S00120,A,X,day,481.0,1.61,fail,porosity
S00796,B,X,day,475.4,0.96,pass,none
S01517,C,Y,day,538.7,1.47,pass,none
S01779,C,Y,night,501.0,1.77,fail,crack
S00619,B,X,night,485.1,1.44,pass,none
S00075,A,X,day,456.8,0.78,fail,porosity
S00149,A,X,day,482.6,2.04,pass,none
S00784,B,X,day,513.5,1.76,pass,none
S01562,C,Y,night,520.3,1.74,pass,none
S01752,C,Y,day,541.5,0.83,pass,none
S00457,A,Y,day,503.1,1.5,fail,porosity
S00423,A,Y,day,507.1,0.69,pass,none
S00035,A,X,day,503.7,1.42,pass,none
S00361,A,Y,night,506.5,1.96,pass,none
S01253,C,X,day,489.1,1.56,pass,none
S00539,A,Y,day,510.9,1.51,pass,none
S01683,C,Y,day,520.0,2.4,pass,none
S00297,A,X,night,480.5,2.09,fail,porosity
S01200,C,X,night,500.7,1.4,pass,none
S00040,A,X,day,504.2,1.23,pass,none
S00852,B,X,day,502.2,1.86,pass,none
S00767,B,X,day,504.4,1.27,pass,none
S01513,C,Y,night,519.5,1.22,pass,none
S01179,B,Y,day,492.6,1.68,pass,none
S00310,A,Y,night,482.7,1.79,fail,porosity
S00968,B,Y,night,510.2,2.21,fail,crack
S01523,C,Y,day,511.2,1.38,pass,none
S00351,A,Y,day,484.8,1.9,fail,porosity
S01567,C,Y,night,528.6,2.02,pass,none
S00728,B,X,night,487.5,1.52,fail,porosity
S00054,A,X,day,497.9,1.64,fail,porosity
S00369,A,Y,day,489.7,1.47,pass,none
S01015,B,Y,day,484.6,1.23,fail,crack
S00489,A,Y,night,487.9,1.95,pass,none
S00835,B,X,night,498.3,2.27,fail,crack
S01241,C,X,night,525.7,1.68,pass,none
S00389,A,Y,night,518.0,1.4,pass,none
S01313,C,X,night,510.1,2.23,fail,porosity
S00841,B,X,night,479.9,1.76,fail,inclusion
S00679,B,X,night,500.1,1.92,pass,none
S00002,A,X,night,478.1,1.21,fail,crack
S00713,B,X,day,495.5,1.04,pass,none
S01510,C,Y,day,513.7,1.81,pass,none
S01094,B,Y,night,512.9,0.86,pass,none
S00588,A,Y,day,515.5,1.18,pass,none
S00946,B,Y,day,485.6,1.29,fail,crack
S01758,C,Y,day,530.6,1.52,pass,none
S01156,B,Y,night,524.0,0.94,pass,none
S00338,A,Y,day,517.0,1.38,pass,none
S01261,C,X,night,523.3,2.2,pass,none
S01746,C,Y,day,512.6,1.69,pass,none
S01797,C,Y,day,549.3,1.11,pass,none
S01256,C,X,day,545.6,1.31,pass,none
S01475,C,X,day,538.2,2.01,pass,none
S00012,A,X,day,469.7,1.79,fail,porosity
S01092,B,Y,night,522.2,1.71,pass,none
S00377,A,Y,day,513.1,1.86,pass,none
S00450,A,Y,night,524.1,1.52,pass,none
S01501,C,Y,night,514.0,1.72,fail,crack
S00060,A,X,day,514.2,1.81,pass,none
S00978,B,Y,night,520.5,1.46,pass,none
S01002,B,Y,day,523.9,1.0,pass,none
S00156,A,X,day,525.7,1.67,pass,none
S01745,C,Y,day,524.6,1.5,pass,none
S00632,B,X,day,478.9,1.29,pass,none
S01201,C,X,day,525.5,2.3,pass,none
S01453,C,X,day,512.7,2.06,fail,crack
S01762,C,Y,day,523.9,0.9,pass,none
S00735,B,X,day,509.2,2.04,pass,none
S00166,A,X,day,480.0,1.45,fail,inclusion
S00148,A,X,night,487.9,1.89,fail,porosity
S01454,C,X,night,527.3,1.91,pass,none
S01359,C,X,day,516.6,1.71,pass,none
S01585,C,Y,night,513.8,1.22,pass,none
S01334,C,X,day,519.4,1.33,pass,none
S01722,C,Y,day,510.4,1.6,pass,none
S00250,A,X,day,492.1,1.3,fail,porosity
S00799,B,X,night,508.7,1.59,pass,none
S01687,C,Y,night,527.8,1.44,pass,none
S01751,C,Y,night,506.6,2.27,fail,porosity
S00184,A,X,night,496.9,1.6,pass,none
S01708,C,Y,night,510.0,1.36,fail,crack
S01275,C,X,night,515.5,1.08,pass,none
S01161,B,Y,night,495.3,2.23,fail,crack
S00394,A,Y,night,497.4,1.94,pass,none
S00161,A,X,night,508.8,2.33,fail,inclusion
S00597,A,Y,day,514.2,1.35,pass,none
S00068,A,X,day,491.7,1.51,pass,none
S00533,A,Y,day,490.3,1.53,fail,crack
S00889,B,X,day,503.1,1.97,fail,porosity
S01347,C,X,night,506.0,1.98,pass,none
S01469,C,X,day,509.3,1.56,pass,none
S01078,B,Y,night,506.7,1.57,fail,inclusion
S00470,A,Y,night,502.3,1.42,pass,none
S01646,C,Y,night,526.4,1.04,pass,none
S01021,B,Y,day,502.9,1.75,fail,inclusion
S00407,A,Y,night,497.6,0.57,pass,none
S01537,C,Y,day,529.9,1.19,pass,none
S00882,B,X,night,479.6,0.83,pass,none
S00041,A,X,day,498.7,1.16,pass,none
S01155,B,Y,night,498.2,2.12,fail,porosity
S00370,A,Y,night,488.7,2.11,pass,none
S01031,B,Y,night,502.5,1.56,pass,none
S00031,A,X,day,493.4,2.07,pass,none
S00949,B,Y,day,514.8,1.18,pass,none
S00883,B,X,night,486.6,2.26,fail,porosity
S00481,A,Y,day,525.3,1.24,pass,none
S01214,C,X,night,486.7,1.35,pass,none
S00844,B,X,night,526.6,1.61,pass,none
S00195,A,X,day,503.5,1.55,fail,inclusion
S00462,A,Y,night,532.0,1.59,pass,none
S00352,A,Y,day,505.1,1.68,pass,none
S01432,C,X,day,503.5,2.04,fail,porosity
S01218,C,X,night,509.5,1.8,fail,crack
S00262,A,X,night,500.6,1.5,fail,crack
S01608,C,Y,night,508.0,2.17,fail,porosity
S00386,A,Y,night,513.2,1.43,pass,none
S01083,B,Y,day,529.7,1.45,pass,none
S01429,C,X,night,510.9,1.65,pass,none
S00958,B,Y,day,494.2,1.51,pass,none
S01581,C,Y,night,524.6,1.96,fail,crack
S00880,B,X,day,505.9,1.8,pass,none
S01025,B,Y,day,493.9,1.33,pass,none
S01032,B,Y,night,515.5,1.15,pass,none
S00139,A,X,day,511.5,1.39,pass,none
S01411,C,X,day,513.0,1.78,pass,none
S01137,B,Y,night,524.1,2.28,fail,inclusion
S00275,A,X,night,501.2,1.82,pass,none
S01175,B,Y,night,514.0,1.56,pass,none
S00517,A,Y,day,505.9,1.74,fail,crack
S01026,B,Y,day,518.0,1.71,pass,none
S00140,A,X,night,503.1,1.84,fail,crack
S00848,B,X,day,508.1,0.96,pass,none
S00769,B,X,night,485.8,2.19,fail,porosity
S01573,C,Y,night,507.1,1.55,fail,crack
S00812,B,X,day,497.1,1.03,pass,none
S01507,C,Y,day,524.1,1.67,pass,none
S01167,B,Y,night,508.8,1.69,pass,none
S00918,B,Y,day,500.9,1.13,pass,none
S00322,A,Y,day,500.5,2.1,fail,porosity
S01081,B,Y,night,511.7,1.45,fail,crack
S01408,C,X,night,532.5,1.85,pass,none
S01747,C,Y,day,553.7,1.51,pass,none
S01693,C,Y,day,534.5,0.8,pass,none
S00478,A,Y,night,496.9,1.52,pass,none
S00132,A,X,night,489.1,2.41,fail,porosity
S00838,B,X,night,511.9,1.11,pass,none
S01415,C,X,night,494.1,1.88,fail,porosity
S00469,A,Y,day,519.7,1.7,fail,crack
S01727,C,Y,day,519.5,1.71,pass,none
S00596,A,Y,night,483.5,1.2,fail,crack
S00917,B,Y,day,518.1,1.52,pass,none
S00429,A,Y,night,513.2,1.01,pass,none
S01178,B,Y,day,510.4,1.41,pass,none
S01115,B,Y,night,503.8,0.89,pass,none
S00564,A,Y,night,528.0,1.27,pass,none
S00927,B,Y,night,494.7,2.4,pass,none
S00973,B,Y,day,488.7,1.81,pass,none
S01783,C,Y,day,496.9,1.92,pass,none
S00239,A,X,night,496.4,2.23,fail,crack
S00934,B,Y,day,507.6,1.49,pass,none
S00474,A,Y,night,498.7,1.83,pass,none
S00911,B,Y,day,487.9,1.83,pass,none
S00416,A,Y,day,500.8,1.66,pass,none
S00435,A,Y,day,505.3,1.79,pass,none
S00865,B,X,night,514.4,1.42,pass,none
S00349,A,Y,night,507.1,1.49,pass,none
S00763,B,X,day,508.6,1.74,pass,none
S00573,A,Y,night,511.2,1.36,pass,none
S01600,C,Y,day,531.8,1.31,pass,none
S01073,B,Y,night,510.5,1.01,pass,none
S00617,B,X,day,498.4,1.59,pass,none
S00738,B,X,night,496.5,1.69,pass,none
S00300,A,Y,night,488.3,1.5,fail,crack
S00261,A,X,night,519.1,1.84,pass,none
S00413,A,Y,night,475.2,1.57,pass,none
S00028,A,X,day,514.5,1.35,pass,none
S01017,B,Y,day,491.9,1.36,pass,none
S01476,C,X,night,509.4,1.3,fail,crack
S00235,A,X,night,499.4,1.34,pass,none
S01424,C,X,night,513.9,1.5,pass,none
S00776,B,X,night,489.9,1.35,pass,none
S00570,A,Y,day,506.8,1.67,fail,crack
S00196,A,X,night,480.8,2.03,fail,porosity
S00875,B,X,night,495.7,1.98,fail,porosity
S00520,A,Y,day,490.0,1.85,fail,crack
S01781,C,Y,night,510.2,1.52,fail,crack
S00793,B,X,night,494.4,1.48,fail,porosity
S00798,B,X,day,507.8,1.37,pass,none
S01146,B,Y,day,496.3,1.32,pass,none
S00970,B,Y,night,496.8,2.31,fail,crack
S01650,C,Y,day,525.0,1.89,pass,none
S01766,C,Y,night,521.9,1.5,pass,none
S00694,B,X,day,494.9,1.37,fail,crack
S01644,C,Y,night,523.5,1.32,pass,none
S01315,C,X,night,524.8,1.19,pass,none
S01440,C,X,day,514.8,1.02,pass,none
S00270,A,X,day,483.8,2.16,fail,porosity
S01689,C,Y,day,534.6,2.13,pass,none
S01685,C,Y,night,529.9,1.45,pass,none
S00930,B,Y,day,503.5,1.63,pass,none
S00625,B,X,night,481.3,1.91,fail,porosity
S00311,A,Y,day,511.9,1.9,fail,porosity
S01245,C,X,day,534.6,1.06,pass,none
S00360,A,Y,day,509.2,1.48,fail,crack
S01740,C,Y,day,502.0,1.23,pass,none
S00868,B,X,night,516.1,0.76,pass,none
S01368,C,X,day,509.1,1.93,pass,none
S00460,A,Y,day,497.1,0.91,fail,porosity
S01089,B,Y,night,527.3,2.07,fail,crack
S00408,A,Y,day,486.4,1.46,pass,none
S01612,C,Y,night,522.7,0.63,pass,none
S00528,A,Y,night,521.9,2.21,fail,porosity
S00595,A,Y,day,514.1,1.26,pass,none
S01154,B,Y,night,485.1,1.95,fail,crack
S00556,A,Y,night,494.7,1.21,pass,none
S00215,A,X,night,488.6,1.76,fail,crack
S01247,C,X,night,516.4,1.93,pass,none
S00524,A,Y,day,479.3,1.42,pass,none
S00583,A,Y,day,532.7,1.66,pass,none
S00878,B,X,night,502.1,1.64,pass,none
S00333,A,Y,night,530.1,1.57,pass,none
S00127,A,X,night,479.9,1.71,fail,porosity
S01741,C,Y,day,507.5,1.72,fail,crack
S01123,B,Y,day,502.7,1.4,pass,none
S00316,A,Y,night,503.4,1.48,fail,inclusion
S01605,C,Y,day,507.8,1.35,pass,none
S00964,B,Y,day,513.2,1.85,fail,porosity
S01242,C,X,day,501.4,1.11,fail,inclusion
S00084,A,X,day,489.4,1.87,pass,none
S00003,A,X,day,500.4,1.59,pass,none
S00472,A,Y,day,483.1,1.74,fail,porosity
S01488,C,X,day,503.5,1.81,pass,none
S01557,C,Y,night,526.3,1.07,pass,none
S01529,C,Y,day,509.8,1.18,pass,none
S00998,B,Y,night,499.1,1.32,pass,none
S01791,C,Y,night,544.9,1.86,pass,none
S00622,B,X,day,487.6,1.55,pass,none
S00773,B,X,night,511.6,1.59,fail,porosity
S00291,A,X,day,489.7,0.96,pass,none
S01197,B,Y,day,524.9,1.57,pass,none
S01378,C,X,day,511.1,2.0,pass,none
S00779,B,X,night,501.7,1.52,fail,porosity
S00116,A,X,day,501.8,1.05,pass,none
S00071,A,X,night,490.8,1.45,pass,none
S00568,A,Y,day,487.7,1.8,pass,none
S01125,B,Y,night,472.2,2.24,fail,crack
S00611,B,X,night,499.9,1.97,fail,porosity
S01262,C,X,day,527.8,1.34,pass,none
S01524,C,Y,day,524.2,2.02,pass,none
S00582,A,Y,day,502.6,1.44,pass,none
S01405,C,X,day,520.2,1.6,pass,none
S01664,C,Y,day,532.2,1.33,pass,none
S00502,A,Y,night,496.3,1.38,pass,none
S01660,C,Y,day,513.5,1.46,pass,none
S00529,A,Y,night,516.9,1.04,pass,none
S00464,A,Y,night,483.9,1.68,fail,crack
S01346,C,X,night,529.5,1.66,pass,none
S00683,B,X,night,511.0,1.27,pass,none
S00821,B,X,day,493.7,1.31,pass,none
S01641,C,Y,night,527.1,2.4,fail,crack
S01569,C,Y,day,533.9,1.58,pass,none
S00061,A,X,night,501.9,1.53,fail,crack
S01278,C,X,night,522.0,2.38,fail,porosity
S00202,A,X,night,497.1,1.7,pass,none
S01695,C,Y,day,529.5,1.77,pass,none
S01786,C,Y,night,517.3,2.17,pass,none
S01621,C,Y,day,511.9,1.76,pass,none
S00645,B,X,night,494.0,1.66,fail,crack
S00404,A,Y,day,500.6,1.4,pass,none
S00337,A,Y,day,518.4,1.35,pass,none
S00222,A,X,day,480.4,1.06,pass,none
S00516,A,Y,day,502.9,2.5,pass,none
S00545,A,Y,day,501.5,1.65,pass,none
S01790,C,Y,day,515.2,1.32,pass,none
S00540,A,Y,night,517.8,1.72,fail,crack
S01560,C,Y,night,513.9,2.26,pass,none
S00426,A,Y,day,523.8,2.5,fail,inclusion
S00036,A,X,night,504.5,1.59,fail,porosity
S00581,A,Y,day,508.7,1.8,pass,none
S01095,B,Y,day,501.6,1.47,fail,inclusion
S00354,A,Y,night,498.9,1.72,fail,crack
S01721,C,Y,day,525.8,1.74,pass,none
S00374,A,Y,day,500.8,1.75,fail,crack
S01615,C,Y,night,544.4,1.49,pass,none
S00109,A,X,day,485.1,1.21,fail,porosity
S01444,C,X,day,500.3,1.59,pass,none
S00098,A,X,night,496.4,1.87,fail,porosity
S00761,B,X,night,523.9,2.13,fail,crack
S01709,C,Y,day,540.3,1.44,pass,none
S01389,C,X,day,519.6,1.31,pass,none
S01377,C,X,day,507.8,1.08,pass,none
S00861,B,X,night,501.2,2.01,pass,none
S00212,A,X,night,491.9,1.43,fail,inclusion
S00916,B,Y,day,500.5,1.02,pass,none
S00097,A,X,day,511.6,1.48,pass,none
S00230,A,X,day,518.2,1.21,pass,none
S00507,A,Y,night,501.9,0.88,fail,crack
S01062,B,Y,day,510.5,1.16,pass,none
S01654,C,Y,night,498.6,2.09,fail,crack
S01520,C,Y,night,526.1,1.72,pass,none
S00589,A,Y,day,504.8,1.9,pass,none
S00073,A,X,night,484.8,1.78,pass,none
S01616,C,Y,night,515.4,1.23,fail,crack
S00530,A,Y,night,505.0,1.83,pass,none
S00698,B,X,night,475.9,2.21,fail,inclusion
S00820,B,X,day,503.1,1.29,pass,none
S00441,A,Y,day,508.9,1.24,pass,none
S00100,A,X,day,484.8,2.02,fail,crack
S00210,A,X,day,493.4,1.69,pass,none
S00626,B,X,day,497.6,1.81,pass,none
S01420,C,X,night,502.6,2.04,fail,porosity
S01436,C,X,night,508.2,1.58,fail,inclusion
S01602,C,Y,night,510.2,0.53,pass,none
S01698,C,Y,night,523.2,1.71,pass,none
S01597,C,Y,day,519.8,1.57,pass,none
S00947,B,Y,night,516.6,1.1,pass,none
S00601,B,X,day,500.0,1.51,fail,porosity
S00428,A,Y,night,508.9,2.13,pass,none
S00759,B,X,day,507.1,1.55,pass,none
S01001,B,Y,day,504.0,1.72,pass,none
S00664,B,X,day,509.1,1.29,pass,none
S01668,C,Y,day,545.3,1.03,pass,none
S00342,A,Y,day,519.5,2.12,pass,none
S01628,C,Y,day,537.3,1.77,pass,none
S00811,B,X,day,494.3,1.4,pass,none
S01681,C,Y,day,525.8,1.53,pass,none
S01734,C,Y,night,496.1,2.33,fail,crack
S00842,B,X,day,495.1,2.13,pass,none
S00774,B,X,day,493.4,1.96,pass,none
S01460,C,X,day,500.5,1.19,pass,none
S00043,A,X,night,485.6,1.67,fail,porosity
S00807,B,X,day,499.5,1.58,pass,none
S00420,A,Y,day,485.1,1.98,fail,inclusion
S01522,C,Y,day,514.2,1.73,pass,none
S00658,B,X,night,509.2,1.54,pass,none
S00922,B,Y,day,497.2,1.64,pass,none
S00804,B,X,night,504.1,2.05,pass,none
S01404,C,X,night,504.7,1.79,fail,porosity
S01546,C,Y,night,518.1,1.68,pass,none
S00492,A,Y,night,491.6,1.45,pass,none
S00512,A,Y,day,511.0,1.89,pass,none
S01028,B,Y,night,522.0,1.55,fail,porosity
S00431,A,Y,day,507.1,1.86,pass,none
S00459,A,Y,night,523.2,1.38,pass,none
S01075,B,Y,night,502.9,1.76,pass,none
S00253,A,X,night,492.0,2.11,fail,porosity
S01071,B,Y,night,488.3,0.98,pass,none
S01571,C,Y,night,522.6,1.45,pass,none
S01351,C,X,day,516.9,2.19,pass,none
S00663,B,X,night,485.7,1.05,pass,none
S00434,A,Y,day,479.0,1.95,pass,none
S00179,A,X,night,503.9,0.84,pass,none
S00523,A,Y,night,523.7,1.26,pass,none
S00137,A,X,day,498.4,1.43,pass,none
S00326,A,Y,day,491.0,1.11,pass,none
S01208,C,X,night,498.7,1.57,fail,porosity
S00444,A,Y,day,493.7,1.86,pass,none
S01068,B,Y,day,489.1,1.44,pass,none
S00649,B,X,day,495.4,2.13,pass,none
S01326,C,X,day,521.7,1.79,pass,none
S00263,A,X,night,482.5,1.92,fail,porosity
S01000,B,Y,night,505.4,1.77,fail,inclusion
S00390,A,Y,day,505.1,2.19,pass,none
S00624,B,X,night,515.2,2.08,fail,porosity
S01227,C,X,night,492.4,1.74,fail,porosity
S01048,B,Y,day,489.3,1.32,fail,porosity
S00640,B,X,day,491.0,1.32,fail,crack
S01365,C,X,day,504.5,1.75,pass,none
S01729,C,Y,night,520.4,1.61,pass,none
S00013,A,X,day,499.6,1.62,pass,none
S01184,B,Y,night,508.2,1.84,fail,crack
S00225,A,X,night,512.3,1.39,pass,none
S00150,A,X,day,495.5,1.79,fail,inclusion
S00924,B,Y,day,494.0,1.96,pass,none
S00948,B,Y,day,505.5,1.45,fail,crack
S00598,A,Y,night,488.1,1.43,pass,none
S00642,B,X,night,490.7,1.39,fail,crack
S01091,B,Y,day,511.1,1.37,pass,none
S01237,C,X,day,491.9,1.36,pass,none
S00984,B,Y,night,503.3,0.84,pass,none
S01252,C,X,day,536.2,1.45,pass,none
S00685,B,X,day,502.2,1.38,fail,porosity
S01614,C,Y,day,519.6,1.42,pass,none
S00956,B,Y,night,509.2,1.6,pass,none
S00417,A,Y,day,509.6,1.69,pass,none
S01733,C,Y,night,525.5,0.63,pass,none
S00194,A,X,night,494.8,2.23,fail,crack
S00887,B,X,day,492.7,1.63,pass,none
S00610,B,X,night,504.3,1.48,pass,none
S01122,B,Y,night,521.7,1.99,pass,none
S00430,A,Y,day,512.4,1.03,pass,none
S01671,C,Y,night,509.7,1.4,pass,none
S01108,B,Y,night,501.9,1.1,pass,none
S00111,A,X,night,526.6,1.63,fail,porosity
S01782,C,Y,day,492.9,1.66,fail,crack
S00124,A,X,day,490.9,2.2,pass,none
S01266,C,X,night,525.3,1.44,pass,none
S01372,C,X,night,498.5,1.8,fail,crack
S00133,A,X,night,534.6,1.65,pass,none
S01579,C,Y,day,527.0,1.77,pass,none
S00204,A,X,night,500.7,1.34,fail,porosity
S00912,B,Y,day,492.2,2.36,fail,crack
S00172,A,X,day,499.1,1.51,pass,none
S01706,C,Y,day,520.9,1.91,pass,none
S01141,B,Y,night,512.1,1.13,pass,none
S00427,A,Y,night,517.2,1.38,pass,none
S01375,C,X,day,505.9,2.15,pass,none
S01147,B,Y,night,515.6,1.07,fail,inclusion
S00164,A,X,night,486.9,1.89,pass,none
S01005,B,Y,night,500.2,1.19,pass,none
S01054,B,Y,day,499.1,1.56,fail,porosity
S00350,A,Y,night,495.8,1.82,fail,porosity
S01149,B,Y,day,507.6,2.33,pass,none
S01289,C,X,night,529.4,1.98,fail,porosity
S00990,B,Y,day,520.5,1.55,pass,none
S01568,C,Y,day,530.2,1.51,pass,none
S00745,B,X,night,505.5,1.8,pass,none
S00357,A,Y,day,526.2,0.99,pass,none
S00771,B,X,night,477.6,1.39,fail,porosity
S00600,B,X,night,509.6,1.59,pass,none
S01366,C,X,night,503.1,1.96,pass,none
S00246,A,X,night,497.9,1.45,pass,none
S00979,B,Y,day,493.7,1.56,fail,crack
S00192,A,X,day,469.1,1.79,pass,none
S01406,C,X,night,514.1,2.12,fail,porosity
S00892,B,X,night,475.7,2.39,fail,porosity
S00059,A,X,night,494.3,1.09,pass,none
S00016,A,X,night,480.0,1.94,fail,porosity
S01673,C,Y,day,520.8,1.7,pass,none
S01461,C,X,night,520.1,1.34,pass,none
S00249,A,X,day,485.8,1.4,fail,inclusion
S00822,B,X,night,522.4,1.51,pass,none
S01719,C,Y,day,515.0,1.31,fail,inclusion
S00675,B,X,day,492.0,1.69,fail,porosity
S00281,A,X,night,494.5,0.82,pass,none
S00900,B,Y,night,495.4,0.35,pass,none
S00243,A,X,night,500.7,1.27,pass,none
S00260,A,X,day,501.3,0.86,pass,none
S01152,B,Y,night,484.1,1.67,fail,crack
S01296,C,X,night,490.3,1.52,pass,none
S00051,A,X,day,446.8,1.8,fail,porosity
S01379,C,X,night,522.2,2.17,pass,none
S00688,B,X,day,501.9,1.84,fail,inclusion
S01586,C,Y,night,524.9,1.41,pass,none
S01647,C,Y,day,534.9,2.03,pass,none
S01234,C,X,day,524.6,1.77,pass,none
S00217,A,X,day,474.4,1.84,pass,none
S00526,A,Y,night,512.3,1.32,pass,none
S00295,A,X,night,491.9,1.9,pass,none
S00168,A,X,day,483.5,1.44,pass,none
S00653,B,X,day,507.7,1.79,fail,porosity
S01450,C,X,day,496.4,1.58,pass,none
S01482,C,X,day,511.5,1.08,pass,none
S01177,B,Y,day,498.1,1.39,pass,none
S01344,C,X,night,517.6,1.94,pass,none
S00832,B,X,day,464.6,2.15,fail,porosity
S00538,A,Y,day,498.6,0.96,pass,none
S01669,C,Y,day,514.3,1.87,fail,crack
S00802,B,X,night,495.1,1.6,fail,porosity
S00493,A,Y,day,519.6,1.99,pass,none
S01596,C,Y,night,518.4,1.98,fail,crack
S00463,A,Y,night,534.4,1.91,pass,none
S00975,B,Y,night,542.8,1.51,pass,none
S00955,B,Y,night,489.6,1.72,pass,none
S00954,B,Y,night,516.4,1.67,pass,none
S00541,A,Y,day,522.4,1.39,pass,none
S01549,C,Y,night,529.3,1.71,pass,none
S00332,A,Y,night,502.6,1.33,pass,none
S00044,A,X,night,520.0,1.69,pass,none
S00638,B,X,day,508.7,1.97,pass,none
S00542,A,Y,day,507.3,2.01,fail,crack
S00371,A,Y,day,502.0,1.16,pass,none
S01363,C,X,day,506.2,1.79,pass,none
S01189,B,Y,day,506.1,1.89,fail,porosity
S00199,A,X,day,489.8,1.9,fail,porosity
S01046,B,Y,day,501.7,1.95,fail,crack
S01143,B,Y,day,528.1,1.93,pass,none
S01566,C,Y,day,514.3,1.68,pass,none
S01198,B,Y,night,507.5,2.09,pass,none
S00752,B,X,night,488.3,2.04,pass,none
S00022,A,X,night,505.6,1.98,pass,none
S01171,B,Y,night,517.9,2.02,pass,none
S00245,A,X,day,502.5,0.9,pass,none
S00652,B,X,day,516.1,1.74,pass,none
S00636,B,X,day,485.2,0.96,pass,none
S01188,B,Y,day,499.5,2.0,pass,none
S01428,C,X,night,539.7,1.43,pass,none
S00366,A,Y,night,499.8,0.99,pass,none
S00498,A,Y,day,503.4,2.23,fail,crack
S00327,A,Y,day,514.9,1.5,pass,none
S00969,B,Y,night,486.5,1.16,fail,porosity
S01113,B,Y,day,509.8,1.86,fail,crack
S01381,C,X,night,498.0,1.4,pass,none
S00307,A,Y,day,511.3,1.64,fail,crack
S00496,A,Y,day,516.7,1.54,pass,none
S00309,A,Y,day,498.0,1.78,pass,none
S00095,A,X,day,486.6,1.79,pass,none
S00898,B,X,night,489.7,1.77,fail,porosity
S00561,A,Y,night,490.6,0.78,pass,none
S00605,B,X,day,484.1,1.69,pass,none
S00522,A,Y,day,501.2,0.67,pass,none
S00296,A,X,night,498.0,1.3,pass,none
S00531,A,Y,night,505.1,1.93,fail,inclusion
S01735,C,Y,night,505.2,1.74,fail,crack
S00860,B,X,day,510.2,1.61,pass,none
S00358,A,Y,night,495.8,1.95,pass,none
S00362,A,Y,day,514.6,1.17,pass,none
S00836,B,X,night,497.4,1.07,pass,none
S01455,C,X,night,514.8,1.7,pass,none
S01753,C,Y,day,543.1,1.08,pass,none
S01435,C,X,day,507.3,2.09,pass,none
S00736,B,X,night,492.6,1.79,pass,none
S00712,B,X,day,478.9,1.05,pass,none
S01449,C,X,day,504.7,1.32,pass,none
S01492,C,X,night,518.5,1.86,fail,inclusion
S01336,C,X,day,500.1,0.98,pass,none
S01279,C,X,day,547.5,2.17,pass,none
S01319,C,X,day,517.1,1.48,pass,none
S00753,B,X,night,512.9,2.09,fail,porosity
S00513,A,Y,day,519.4,1.43,pass,none
S01132,B,Y,day,510.4,0.98,pass,none
S01064,B,Y,day,522.1,1.27,pass,none
S01340,C,X,night,518.3,1.07,fail,porosity
S00461,A,Y,night,498.0,1.84,pass,none
S00189,A,X,night,500.2,1.12,fail,crack
S01187,B,Y,night,502.6,1.46,pass,none
S00227,A,X,night,482.6,1.81,fail,porosity
S01093,B,Y,day,496.2,2.25,pass,none
S00723,B,X,day,502.9,2.18,pass,none
S00885,B,X,day,504.6,1.46,pass,none
S01575,C,Y,night,513.9,1.52,pass,none
S00648,B,X,day,497.9,1.97,pass,none
S01337,C,X,day,523.7,1.32,pass,none
S01238,C,X,night,519.1,1.01,pass,none
S01322,C,X,day,514.1,1.03,pass,none
S00534,A,Y,night,491.6,1.05,fail,crack
S00401,A,Y,day,516.3,1.78,pass,none
S01283,C,X,night,513.8,1.54,pass,none
S00323,A,Y,night,521.4,1.62,pass,none
S00816,B,X,day,489.7,1.77,pass,none
S00393,A,Y,night,488.5,1.87,fail,porosity
S00339,A,Y,day,508.4,2.32,fail,crack
S01153,B,Y,night,513.3,1.23,pass,none
S01317,C,X,day,513.2,1.44,fail,porosity
S01393,C,X,day,523.4,2.17,fail,crack
S01755,C,Y,night,531.8,0.68,pass,none
S00053,A,X,day,496.9,1.52,pass,none
S00319,A,Y,night,503.6,1.82,pass,none
S01063,B,Y,night,510.0,1.24,pass,none
S00944,B,Y,day,517.7,1.54,fail,crack
S00764,B,X,day,479.3,1.88,pass,none
S01211,C,X,night,517.8,2.04,pass,none
S00552,A,Y,day,489.2,1.53,fail,crack
S00847,B,X,day,516.9,1.68,pass,none
S01304,C,X,day,551.6,1.87,pass,none
S01665,C,Y,night,524.2,1.57,pass,none
S01578,C,Y,day,539.1,1.24,pass,none
S00907,B,Y,day,504.2,1.68,fail,crack
S00586,A,Y,day,490.4,1.44,pass,none
S01474,C,X,day,499.7,1.37,pass,none
S00993,B,Y,day,497.4,1.14,pass,none
S01764,C,Y,night,541.1,1.32,pass,none
S00443,A,Y,day,496.0,1.79,fail,porosity
S00180,A,X,day,498.6,1.43,pass,none
S01101,B,Y,day,502.5,1.47,pass,none
S00806,B,X,day,507.0,0.86,pass,none
S00682,B,X,night,510.9,1.74,fail,porosity
S01193,B,Y,day,514.3,1.0,pass,none
S00314,A,Y,day,491.9,1.31,fail,crack
S00560,A,Y,night,508.9,1.69,fail,inclusion
S00181,A,X,night,486.7,1.23,fail,porosity
S00381,A,Y,day,498.9,1.79,fail,crack
S00544,A,Y,night,512.4,1.38,pass,none
S00867,B,X,night,480.2,1.93,fail,porosity
S01292,C,X,day,512.2,1.91,pass,none
S01598,C,Y,day,510.2,2.12,pass,none
S01286,C,X,night,513.9,2.5,pass,none
S01070,B,Y,day,510.5,1.78,fail,crack
S00686,B,X,day,487.6,1.58,pass,none
S00080,A,X,night,504.2,1.15,fail,porosity
S00559,A,Y,night,503.3,1.22,fail,crack
S00293,A,X,day,483.9,1.53,pass,none
S01390,C,X,day,521.9,1.91,pass,none
S00052,A,X,night,486.2,1.99,fail,crack
S00285,A,X,day,503.1,2.04,pass,none
S00834,B,X,night,505.4,1.33,pass,none
S00047,A,X,day,510.3,1.65,pass,none
S00819,B,X,day,507.8,1.13,pass,none
S01299,C,X,day,520.6,1.44,pass,none
S00943,B,Y,night,537.5,1.96,pass,none
S01150,B,Y,night,500.8,1.94,fail,inclusion
S01574,C,Y,day,519.3,1.64,pass,none
S01323,C,X,day,512.2,1.64,pass,none
S01777,C,Y,day,493.2,1.69,fail,crack
S01403,C,X,day,500.1,2.43,pass,none
S01552,C,Y,day,539.6,2.29,pass,none
S01102,B,Y,day,473.1,1.56,fail,inclusion
S00203,A,X,day,489.1,1.44,pass,none
S00837,B,X,night,502.4,1.66,pass,none
S00585,A,Y,day,514.6,1.88,pass,none
S01707,C,Y,night,511.6,1.6,pass,none
S00255,A,X,day,501.2,0.95,pass,none
S01385,C,X,day,514.1,1.59,pass,none
S01480,C,X,night,531.2,1.65,pass,none
S00074,A,X,day,499.9,1.47,pass,none
S00193,A,X,night,487.9,1.53,pass,none
S00680,B,X,day,504.2,0.85,pass,none
S00288,A,X,day,508.9,1.85,fail,porosity
S01300,C,X,day,509.9,1.94,pass,none
S00825,B,X,night,512.0,1.68,pass,none
S00965,B,Y,day,494.8,2.16,fail,porosity
S01692,C,Y,day,521.9,1.11,pass,none
S01043,B,Y,day,494.4,2.48,pass,none
S00554,A,Y,night,509.3,2.13,pass,none
S01039,B,Y,day,498.5,1.62,fail,crack
S00265,A,X,day,484.6,1.59,fail,crack
S00818,B,X,night,501.5,1.1,pass,none
S01630,C,Y,night,513.1,2.42,pass,none
S01285,C,X,day,500.2,1.32,pass,none
S01521,C,Y,day,510.6,1.78,fail,crack
S01166,B,Y,night,485.6,1.75,fail,inclusion
S00331,A,Y,day,499.6,1.66,pass,none
S01066,B,Y,night,518.2,1.77,pass,none
S00874,B,X,night,494.2,0.99,pass,none
S00344,A,Y,night,490.2,2.75,fail,porosity
S00258,A,X,day,495.5,2.26,pass,none
S00602,B,X,day,527.2,2.23,fail,porosity
S00468,A,Y,day,511.6,1.55,pass,none
S00491,A,Y,day,508.2,1.03,pass,none
S00678,B,X,night,483.2,1.44,fail,porosity
S01780,C,Y,day,521.3,1.84,pass,none
S01382,C,X,day,527.8,1.21,fail,porosity
S00418,A,Y,night,499.5,1.01,pass,none
S01321,C,X,night,524.4,1.42,pass,none
S01491,C,X,day,513.4,1.18,pass,none
S00395,A,Y,day,493.4,1.62,fail,inclusion
S00938,B,Y,day,529.4,1.87,pass,none
S01105,B,Y,day,517.2,1.51,pass,none
S00730,B,X,day,496.6,1.35,fail,crack
S00616,B,X,night,508.3,1.35,pass,none
S01785,C,Y,night,512.6,1.67,pass,none
S01580,C,Y,night,535.5,1.81,pass,none
S00334,A,Y,day,514.2,1.83,pass,none
S01410,C,X,day,524.2,2.1,pass,none
S00405,A,Y,night,501.0,1.31,pass,none
S01118,B,Y,night,507.2,0.96,pass,none
S01767,C,Y,night,512.8,1.75,fail,porosity
S01717,C,Y,day,529.6,1.55,pass,none
S01117,B,Y,day,511.1,1.64,pass,none
S00419,A,Y,night,510.3,2.15,fail,crack
S00671,B,X,night,487.7,2.03,fail,porosity
S00981,B,Y,day,500.3,1.77,fail,crack
S00121,A,X,night,496.5,1.53,pass,none
S01678,C,Y,night,541.2,1.81,pass,none
S00590,A,Y,night,495.1,1.83,fail,crack
S00479,A,Y,night,494.1,2.35,fail,inclusion
S01447,C,X,night,540.7,2.36,pass,none
S00129,A,X,day,495.7,2.59,pass,none
S01033,B,Y,day,516.6,1.0,pass,none
S01749,C,Y,night,538.1,1.68,pass,none
S00128,A,X,day,498.9,2.0,pass,none
S01170,B,Y,day,518.9,1.26,pass,none
S00106,A,X,day,477.1,1.04,fail,inclusion
S00740,B,X,day,522.0,1.69,pass,none
S00042,A,X,night,490.6,1.39,pass,none
S00409,A,Y,night,496.4,1.09,pass,none
S00644,B,X,day,503.2,1.26,pass,none
S01358,C,X,day,490.3,1.66,pass,none
S00830,B,X,night,509.6,1.74,fail,porosity
S01158,B,Y,day,492.9,1.33,pass,none
S01572,C,Y,day,518.5,2.51,pass,none
S01601,C,Y,day,534.1,1.51,pass,none
S00960,B,Y,day,500.9,1.0,pass,none
S00902,B,Y,night,516.2,1.21,pass,none
S01636,C,Y,night,508.3,1.27,pass,none
S01744,C,Y,night,522.9,1.21,pass,none
S01328,C,X,night,517.3,1.31,pass,none
S00646,B,X,night,511.4,0.78,pass,none
S00952,B,Y,day,511.9,1.38,pass,none
S01544,C,Y,night,519.5,1.38,pass,none
S01732,C,Y,day,529.6,1.75,pass,none
S00705,B,X,day,495.1,1.28,pass,none
S01391,C,X,day,541.0,1.74,pass,none
S01713,C,Y,day,524.4,2.36,pass,none
S01233,C,X,night,513.5,1.44,pass,none
S00077,A,X,night,494.1,1.48,pass,none
S00695,B,X,day,517.0,1.75,pass,none
S01620,C,Y,night,516.0,1.48,pass,none
S00953,B,Y,day,487.6,1.96,pass,none
S01280,C,X,night,516.6,1.93,fail,inclusion
S00029,A,X,day,513.2,1.44,pass,none
S01795,C,Y,night,514.8,1.2,fail,inclusion
S00691,B,X,night,511.0,1.89,pass,none
S01799,C,Y,night,540.5,1.24,pass,none
S00997,B,Y,night,504.5,1.61,fail,crack
S01010,B,Y,night,518.3,0.77,pass,none
S00045,A,X,day,514.7,2.02,pass,none
S01335,C,X,night,502.9,2.42,fail,crack
S00026,A,X,night,485.9,1.04,pass,none
S01097,B,Y,night,517.8,1.42,pass,none
S01412,C,X,day,518.2,1.46,pass,none
S00268,A,X,night,500.6,1.87,fail,crack
S01311,C,X,night,524.3,1.43,pass,none
S00158,A,X,day,490.8,2.05,fail,inclusion
S00696,B,X,day,466.6,2.13,fail,porosity
S00046,A,X,day,497.4,1.43,fail,porosity
S00623,B,X,day,503.5,2.07,pass,none
S00391,A,Y,day,495.9,1.81,pass,none
S00063,A,X,day,504.4,0.81,pass,none
S00915,B,Y,night,524.3,1.96,pass,none
S01023,B,Y,day,503.2,1.77,fail,inclusion
S00099,A,X,day,499.9,1.17,pass,none
S00780,B,X,day,519.3,1.77,pass,none
S00379,A,Y,night,485.0,1.35,fail,porosity
S01129,B,Y,day,482.3,1.7,fail,crack
S01018,B,Y,night,513.7,1.87,pass,none
S00155,A,X,day,489.2,2.01,fail,crack
S00508,A,Y,night,513.2,1.86,pass,none
S01768,C,Y,day,521.9,2.04,fail,crack
S00877,B,X,night,496.7,2.13,fail,porosity
S01570,C,Y,day,516.6,1.68,fail,porosity
S00010,A,X,night,483.1,2.03,fail,inclusion
S01388,C,X,day,517.4,2.16,pass,none
S00982,B,Y,night,505.0,2.11,fail,crack
S00050,A,X,day,492.7,1.98,pass,none
S01011,B,Y,day,524.4,1.24,pass,none
S01065,B,Y,night,492.7,1.81,pass,none
S01074,B,Y,night,508.4,1.57,pass,none
S00278,A,X,day,503.8,1.13,pass,none
S00224,A,X,night,491.6,1.72,fail,porosity
S01556,C,Y,night,537.2,0.8,pass,none
S01128,B,Y,day,517.8,1.38,pass,none
S00197,A,X,day,484.6,1.87,pass,none
S00286,A,X,night,476.9,1.52,fail,porosity
S00794,B,X,day,500.5,1.42,pass,none
S00376,A,Y,day,502.2,1.56,pass,none
S01106,B,Y,day,515.5,1.56,pass,none
S00020,A,X,night,500.6,1.06,pass,none
S01082,B,Y,day,494.8,1.48,pass,none
S00446,A,Y,night,483.3,0.6,pass,none
S00666,B,X,night,502.3,1.8,fail,porosity
S01645,C,Y,night,533.4,1.08,pass,none
S00027,A,X,day,498.8,1.54,fail,crack
S00387,A,Y,day,543.4,1.09,pass,none
S01212,C,X,night,510.5,1.62,pass,none
S01623,C,Y,night,508.6,1.64,pass,none
S00627,B,X,night,504.3,1.33,pass,none
S00826,B,X,day,495.1,1.91,fail,porosity
S00104,A,X,night,502.6,1.3,pass,none
S01486,C,X,night,520.0,2.09,pass,none
S00329,A,Y,day,516.0,1.18,pass,none
S00933,B,Y,day,500.2,2.46,pass,none
S00007,A,X,day,473.2,1.67,pass,none
S00142,A,X,night,481.9,1.78,pass,none
S00177,A,X,day,495.9,1.65,fail,porosity
S00487,A,Y,night,512.0,1.7,pass,none
S00886,B,X,night,500.2,1.65,fail,porosity
S01588,C,Y,night,536.9,1.47,pass,none
S01609,C,Y,night,535.1,1.95,pass,none
S01151,B,Y,day,523.7,0.91,pass,none
S00023,A,X,day,511.7,0.91,pass,none
S00660,B,X,night,500.1,2.32,fail,porosity
S00756,B,X,night,505.5,0.94,fail,porosity
S00996,B,Y,day,503.6,1.04,pass,none
S01248,C,X,night,513.4,1.21,fail,porosity
S01632,C,Y,night,522.1,1.63,pass,none
S00809,B,X,night,504.9,1.49,pass,none
S01484,C,X,night,527.8,1.88,pass,none
S00205,A,X,day,491.1,1.77,fail,inclusion
S00145,A,X,night,494.5,1.64,pass,none
S00336,A,Y,day,513.6,1.9,pass,none
S01712,C,Y,day,543.8,1.78,pass,none
S00269,A,X,day,481.7,1.46,pass,none
S00415,A,Y,day,502.1,1.38,pass,none
S01164,B,Y,night,500.8,1.45,fail,crack
S00144,A,X,day,502.9,1.91,pass,none
S01364,C,X,night,499.8,1.09,pass,none
S00375,A,Y,day,483.6,1.36,fail,crack
S00999,B,Y,day,511.7,1.95,pass,none
S01287,C,X,day,506.7,1.63,pass,none
S00897,B,X,day,489.5,1.43,pass,none
S00972,B,Y,night,503.2,1.38,fail,inclusion
S00122,A,X,night,489.4,2.32,fail,crack
S01384,C,X,day,513.0,1.52,pass,none
S00403,A,Y,night,509.9,1.39,pass,none
S00562,A,Y,day,498.4,1.86,pass,none
S00494,A,Y,night,506.4,1.73,fail,porosity
S00620,B,X,night,481.3,1.26,fail,porosity
S01679,C,Y,day,520.9,0.81,pass,none
S01773,C,Y,night,519.1,1.38,pass,none
S01438,C,X,day,510.0,1.35,pass,none
S00782,B,X,day,501.9,1.23,fail,crack
S00647,B,X,day,505.2,1.71,pass,none
S00488,A,Y,day,503.3,1.84,pass,none
S01079,B,Y,day,516.1,1.63,pass,none
S01284,C,X,night,503.0,1.96,fail,porosity
S00187,A,X,day,488.0,1.57,fail,porosity
S00797,B,X,night,498.6,2.22,fail,porosity
S00271,A,X,night,494.5,0.85,fail,crack
S00608,B,X,day,503.1,1.03,pass,none
S01591,C,Y,night,512.1,1.29,pass,none
S00039,A,X,day,496.8,0.88,pass,none
S01327,C,X,night,524.2,1.87,fail,porosity
S00277,A,X,night,476.7,1.58,fail,porosity
S00739,B,X,day,504.6,1.04,pass,none
S00188,A,X,night,478.7,1.4,fail,porosity
S01301,C,X,night,513.0,2.01,fail,porosity
S00766,B,X,night,508.6,1.28,fail,porosity
S01036,B,Y,day,501.7,1.49,fail,porosity
S00174,A,X,night,498.1,1.88,pass,none
S01308,C,X,day,506.9,0.87,pass,none
S00734,B,X,night,494.0,1.9,fail,porosity
S00363,A,Y,day,518.8,2.19,pass,none
S01192,B,Y,night,525.3,1.77,pass,none
S01617,C,Y,night,497.0,2.25,fail,crack
S01099,B,Y,day,506.6,2.08,pass,none
S00380,A,Y,night,522.0,2.43,pass,none
S01386,C,X,night,541.2,1.72,pass,none
S00219,A,X,day,481.1,1.54,pass,none
S01715,C,Y,night,527.2,1.81,pass,none
S01418,C,X,night,485.9,1.95,pass,none
S00499,A,Y,day,489.6,1.9,pass,none
S00400,A,Y,day,494.5,2.53,pass,none
S01564,C,Y,day,519.1,1.79,pass,none
S01060,B,Y,night,491.9,1.38,pass,none
S00521,A,Y,day,505.1,1.42,pass,none
S00661,B,X,day,477.1,1.56,fail,porosity
S01131,B,Y,day,529.6,1.49,pass,none
S01464,C,X,night,525.0,1.83,pass,none
S00453,A,Y,day,497.8,1.53,fail,porosity
S00304,A,Y,night,501.9,1.5,pass,none
S01452,C,X,night,523.1,1.01,pass,none
S00851,B,X,night,473.3,1.28,fail,porosity
S00850,B,X,day,506.0,1.25,fail,porosity
S01430,C,X,night,488.0,1.28,fail,porosity
S00628,B,X,night,511.4,2.09,pass,none
S00505,A,Y,night,526.3,2.12,pass,none
S00937,B,Y,day,516.0,1.1,pass,none
S00359,A,Y,night,493.4,1.32,fail,porosity
S01035,B,Y,night,508.7,1.33,pass,none
S01648,C,Y,day,507.3,1.91,fail,crack
S00629,B,X,night,491.9,1.99,fail,porosity
S00591,A,Y,night,508.7,1.72,pass,none
S01107,B,Y,day,507.1,1.76,pass,none
S01503,C,Y,day,533.3,1.53,pass,none
S01325,C,X,night,514.7,1.45,pass,none
S01422,C,X,day,495.6,2.58,pass,none
S00303,A,Y,day,511.0,1.35,pass,none
S01778,C,Y,day,533.3,0.61,pass,none
S00895,B,X,day,511.0,1.24,pass,none
S01332,C,X,night,506.9,1.54,fail,crack
S01775,C,Y,night,531.2,1.69,pass,none
S01329,C,X,day,517.1,1.38,pass,none
S00495,A,Y,day,514.2,1.61,pass,none
S00442,A,Y,day,499.4,1.4,pass,none
S00510,A,Y,night,509.3,2.72,pass,none
S01577,C,Y,night,515.3,1.63,pass,none
S00251,A,X,day,501.8,1.78,fail,inclusion
S00087,A,X,night,498.2,1.48,fail,porosity
S00079,A,X,day,513.7,1.47,pass,none
S01316,C,X,night,500.6,1.89,pass,none
S00511,A,Y,day,507.9,1.1,pass,none
S00855,B,X,day,505.4,2.17,pass,none
S00198,A,X,day,487.9,1.89,pass,none
S00317,A,Y,day,491.7,1.77,pass,none
S00650,B,X,day,521.6,1.25,pass,none
S00112,A,X,day,478.3,1.0,fail,porosity
S01787,C,Y,night,511.9,0.75,pass,none
S01273,C,X,day,500.2,1.83,pass,none
S00908,B,Y,day,507.8,2.03,pass,none
S01711,C,Y,day,535.5,1.74,fail,crack
S01700,C,Y,night,494.2,1.82,fail,crack
S01750,C,Y,night,512.0,1.11,pass,none
S00672,B,X,night,493.5,1.83,fail,crack
S01657,C,Y,night,502.0,1.3,pass,none
S00456,A,Y,day,494.1,1.51,pass,none
S00603,B,X,night,506.2,2.41,pass,none
S01516,C,Y,night,547.2,1.6,pass,none
S00378,A,Y,day,514.8,1.54,pass,none
S01229,C,X,day,509.8,1.39,pass,none
S00340,A,Y,day,500.5,1.34,fail,crack
S01202,C,X,night,506.6,1.85,fail,porosity
S01135,B,Y,day,495.6,1.68,pass,none
S01640,C,Y,day,522.4,2.42,pass,none
S01637,C,Y,night,518.6,1.91,pass,none
S01759,C,Y,night,516.6,2.02,pass,none
S01302,C,X,day,505.4,2.0,fail,porosity
S01543,C,Y,day,523.9,1.61,pass,none
S00654,B,X,night,473.1,1.15,pass,none
S00228,A,X,day,494.9,1.68,pass,none
S00067,A,X,night,501.2,1.83,fail,porosity
S00308,A,Y,day,506.6,1.57,pass,none
S01458,C,X,night,542.7,1.26,pass,none
S00325,A,Y,night,498.9,2.33,fail,inclusion
S01291,C,X,day,523.6,1.64,pass,none
S01479,C,X,night,515.3,2.02,fail,crack
S01731,C,Y,day,513.2,1.7,pass,none
S01312,C,X,night,513.8,1.7,fail,porosity
S01053,B,Y,day,508.2,0.86,pass,none
S01255,C,X,night,522.6,1.25,pass,none
S01792,C,Y,night,526.8,0.92,pass,none
S01531,C,Y,day,535.9,1.5,pass,none
S01270,C,X,day,521.1,1.75,pass,none
S01398,C,X,day,514.2,1.74,pass,none
S01120,B,Y,night,514.0,1.18,pass,none
S00983,B,Y,night,501.3,1.59,pass,none
S01701,C,Y,night,536.8,1.99,pass,none
S00171,A,X,night,530.4,1.67,pass,none
S01545,C,Y,night,532.2,1.21,pass,none
S00025,A,X,night,500.0,1.57,pass,none
S00091,A,X,day,493.8,2.52,pass,none
S00684,B,X,day,509.8,2.11,pass,none
S00700,B,X,night,507.4,2.1,pass,none
S01029,B,Y,night,505.6,2.01,fail,crack
S01610,C,Y,day,547.6,1.91,fail,porosity
S01670,C,Y,night,531.2,1.22,pass,none
S01022,B,Y,day,518.2,2.18,pass,none
S01599,C,Y,day,533.9,1.41,pass,none
S01370,C,X,night,493.9,2.0,pass,none
S01220,C,X,day,512.8,1.2,pass,none
S01116,B,Y,day,505.5,1.03,pass,none
S00606,B,X,day,486.4,1.62,pass,none
S01498,C,X,day,532.0,1.71,fail,crack
S00575,A,Y,day,503.9,1.88,fail,porosity
S00019,A,X,night,485.0,2.04,fail,porosity
S01072,B,Y,night,512.4,1.13,pass,none
S01425,C,X,day,505.4,1.25,pass,none
S00547,A,Y,night,516.1,0.91,pass,none
S01213,C,X,day,531.0,0.7,pass,none
S00553,A,Y,day,467.0,1.78,fail,crack
S00665,B,X,night,493.7,1.19,pass,none
S00765,B,X,day,480.9,1.22,pass,none
S01639,C,Y,day,527.3,1.92,pass,none
S00921,B,Y,day,506.9,1.16,pass,none
S01494,C,X,night,502.8,0.86,pass,none
S00843,B,X,night,490.4,1.82,fail,porosity
S00152,A,X,night,501.8,1.3,pass,none
S00153,A,X,day,509.9,1.84,pass,none
S01748,C,Y,day,522.6,1.43,pass,none
S01419,C,X,day,511.1,2.44,fail,porosity
S01789,C,Y,night,514.2,1.98,pass,none
S00136,A,X,day,499.4,1.52,pass,none
S00170,A,X,day,488.3,1.37,fail,crack
S01357,C,X,day,510.6,1.22,pass,none
S00005,A,X,night,509.4,1.74,fail,crack
S01041,B,Y,day,503.1,2.13,pass,none
S00717,B,X,night,484.6,1.8,pass,none
S00273,A,X,day,506.3,1.41,pass,none
S00183,A,X,day,491.2,1.71,fail,porosity
S00569,A,Y,day,510.1,1.85,fail,inclusion
S01497,C,X,day,513.1,1.2,pass,none
S00514,A,Y,day,499.2,1.69,fail,crack
S01798,C,Y,day,504.6,1.5,pass,none
S01697,C,Y,night,517.6,1.51,fail,inclusion
S01203,C,X,night,520.8,1.68,pass,none
S01236,C,X,day,526.8,2.41,pass,none
S00365,A,Y,day,506.2,2.0,pass,none
S00716,B,X,night,486.0,1.76,fail,porosity
S00220,A,X,day,480.5,0.81,fail,porosity
S01511,C,Y,night,510.5,1.59,pass,none
S00755,B,X,day,476.7,2.41,fail,porosity
S01726,C,Y,day,524.9,1.37,pass,none
S00105,A,X,day,489.1,1.5,fail,crack
S00048,A,X,day,492.3,1.44,pass,none
S01423,C,X,night,517.8,0.93,pass,none
S00447,A,Y,night,506.2,1.68,fail,crack
S00941,B,Y,day,504.7,1.85,fail,inclusion
S00707,B,X,day,506.9,2.04,pass,none
S00185,A,X,day,462.1,0.93,fail,porosity
S01360,C,X,night,531.5,1.0,pass,none
S01232,C,X,night,518.6,1.22,pass,none
S00345,A,Y,night,508.3,1.56,pass,none
S00788,B,X,day,485.4,1.71,fail,porosity
S00500,A,Y,night,519.6,1.08,pass,none
S00004,A,X,day,509.9,2.04,fail,porosity
S01057,B,Y,day,503.0,1.16,pass,none
S00558,A,Y,day,502.9,1.99,pass,none
S01462,C,X,night,520.4,0.99,pass,none
S01702,C,Y,day,547.5,0.98,pass,none
S01045,B,Y,night,508.4,1.41,pass,none
S00963,B,Y,day,501.9,1.74,pass,none
S01676,C,Y,night,522.0,1.36,pass,none
S01295,C,X,night,509.6,1.81,pass,none
S00088,A,X,day,474.8,2.25,pass,none
S01761,C,Y,night,515.8,1.89,fail,crack
S01144,B,Y,night,477.1,1.96,fail,crack
S00159,A,X,day,489.6,1.4,pass,none
S01307,C,X,night,509.2,1.55,fail,porosity
S00711,B,X,day,531.7,1.75,pass,none
S01554,C,Y,night,522.9,1.9,fail,crack
S00519,A,Y,night,503.9,1.16,pass,none
S01471,C,X,night,526.5,1.43,pass,none
S01257,C,X,night,515.5,2.1,pass,none
S00550,A,Y,night,503.4,1.75,fail,crack
S00845,B,X,day,503.4,1.66,pass,none
S00733,B,X,day,510.7,1.77,pass,none
S01191,B,Y,night,504.3,1.46,fail,crack
S01294,C,X,night,518.5,0.73,pass,none
S00891,B,X,night,507.6,2.97,fail,crack
S00856,B,X,night,483.5,1.28,fail,porosity
S01281,C,X,day,493.4,1.55,pass,none
S01056,B,Y,night,493.2,2.1,fail,inclusion
S00208,A,X,night,488.1,1.63,pass,none
S00942,B,Y,night,514.1,1.49,fail,crack
S00630,B,X,day,490.8,2.47,pass,none
S01235,C,X,night,514.3,0.46,pass,none
S00966,B,Y,night,488.6,1.81,fail,crack
S00612,B,X,night,518.9,2.09,fail,porosity
S00214,A,X,night,481.6,2.4,fail,inclusion
S01565,C,Y,night,538.5,1.37,pass,none
S00169,A,X,day,504.9,1.26,pass,none
S01409,C,X,night,500.5,1.08,pass,none
S01757,C,Y,night,521.6,1.9,pass,none
S01055,B,Y,day,508.5,0.56,pass,none
S00410,A,Y,night,505.2,1.32,fail,crack
S00396,A,Y,day,496.1,1.7,fail,crack
S01540,C,Y,day,517.9,1.77,pass,none
S00057,A,X,day,497.7,1.57,fail,porosity
S01465,C,X,night,524.0,1.69,pass,none
S01224,C,X,day,513.7,1.32,pass,none
S00141,A,X,night,499.2,2.05,fail,crack
S00372,A,Y,day,508.6,2.4,pass,none
S00828,B,X,day,471.4,1.48,pass,none
S00725,B,X,day,501.3,1.35,pass,none
S00154,A,X,night,498.2,1.6,pass,none
S01445,C,X,night,510.2,2.26,pass,none
S01642,C,Y,day,514.4,1.65,pass,none
S00593,A,Y,night,501.9,0.79,pass,none
S01190,B,Y,day,499.3,2.02,pass,none
S01643,C,Y,day,525.4,1.36,pass,none
S00853,B,X,night,505.1,1.67,pass,none
S01688,C,Y,night,516.9,1.88,fail,crack
S00289,A,X,night,509.0,1.79,pass,none
S01130,B,Y,night,507.0,2.28,pass,none
S00584,A,Y,night,493.8,2.03,fail,inclusion
S01258,C,X,day,497.0,1.57,fail,porosity
S00232,A,X,day,488.3,1.87,pass,none
S00157,A,X,day,497.3,1.34,pass,none
S01535,C,Y,day,506.3,1.52,pass,none
S00906,B,Y,day,516.1,1.83,pass,none
S00436,A,Y,day,502.8,1.93,pass,none
S00813,B,X,day,500.1,1.06,pass,none
S00213,A,X,night,514.2,1.64,pass,none
S01016,B,Y,night,496.7,2.03,fail,porosity
S00810,B,X,day,509.7,1.96,fail,porosity
S01508,C,Y,day,547.4,1.85,pass,none
S01353,C,X,night,507.0,1.4,pass,none
S00702,B,X,night,496.2,1.63,pass,none
S00093,A,X,day,499.9,1.37,pass,none
S01776,C,Y,night,515.7,1.09,fail,porosity
S00191,A,X,night,483.9,1.59,pass,none
S01542,C,Y,night,513.0,1.48,pass,none
S01505,C,Y,day,532.8,1.35,pass,none
S00305,A,Y,night,504.0,1.59,pass,none
S00485,A,Y,day,507.9,1.34,fail,crack
S00147,A,X,day,491.5,1.77,fail,inclusion
S00259,A,X,night,498.3,1.45,fail,porosity
S00699,B,X,night,504.8,1.59,pass,none
S01356,C,X,night,525.7,1.37,pass,none
S00988,B,Y,day,506.9,1.47,pass,none
S00143,A,X,day,525.3,1.14,pass,none
S01433,C,X,day,520.9,0.95,pass,none
S01661,C,Y,night,516.8,2.15,pass,none
S00580,A,Y,day,488.3,2.66,fail,porosity
S01246,C,X,night,524.6,2.23,pass,none
S00657,B,X,day,492.9,1.8,fail,porosity
S00909,B,Y,day,512.6,1.43,pass,none
S00858,B,X,night,473.6,2.55,fail,porosity
S00414,A,Y,night,496.4,1.0,pass,none
S01399,C,X,night,503.0,1.54,pass,none
S00721,B,X,night,498.1,2.08,pass,none
S00448,A,Y,night,489.8,1.72,pass,none
S01297,C,X,night,536.2,1.68,pass,none
S01219,C,X,day,507.0,2.07,pass,none
S01663,C,Y,night,520.4,1.6,fail,crack
S00926,B,Y,night,513.5,1.88,pass,none
S01402,C,X,day,506.7,1.17,pass,none
S01651,C,Y,night,538.0,0.93,pass,none
S00697,B,X,night,509.6,1.2,pass,none
S01547,C,Y,day,534.8,2.31,pass,none
S00422,A,Y,day,493.0,1.6,pass,none
S00805,B,X,day,485.2,1.33,pass,none
S01561,C,Y,day,529.7,1.53,pass,none
S00229,A,X,day,511.5,1.04,fail,crack
S00049,A,X,night,503.1,2.18,pass,none
S00703,B,X,day,486.4,1.34,fail,crack
S00477,A,Y,day,518.7,2.16,pass,none
S00218,A,X,day,492.6,1.78,fail,porosity
S01509,C,Y,day,522.0,1.33,fail,inclusion
S01006,B,Y,night,493.7,1.81,pass,none
S01265,C,X,day,508.3,1.49,pass,none
S00931,B,Y,day,509.5,1.54,pass,none
S01240,C,X,night,516.2,1.72,pass,none
S01635,C,Y,day,531.2,1.49,pass,none
S00748,B,X,night,515.2,1.22,pass,none
S00613,B,X,night,473.5,1.54,pass,none
S00082,A,X,day,526.8,1.03,pass,none
S00248,A,X,night,502.2,1.75,pass,none
S00604,B,X,day,477.7,2.45,fail,inclusion
S01613,C,Y,day,533.8,1.36,pass,none
S00543,A,Y,night,508.4,1.57,fail,crack
S00803,B,X,night,507.3,1.83,pass,none
S00078,A,X,night,501.1,2.45,fail,crack
S01653,C,Y,day,523.5,1.37,pass,none
S00800,B,X,day,489.3,2.24,fail,crack
S01226,C,X,night,523.6,2.66,pass,none
S00536,A,Y,night,505.0,1.57,fail,crack
S00662,B,X,day,503.1,1.62,pass,none
S01738,C,Y,night,531.1,1.7,pass,none
S01210,C,X,day,517.1,1.43,fail,crack
S01684,C,Y,night,529.6,1.35,pass,none
S00320,A,Y,day,490.2,1.6,pass,none
S00635,B,X,night,516.3,1.96,pass,none
S01361,C,X,night,511.4,1.3,pass,none
S00708,B,X,night,484.7,2.21,fail,porosity
S00411,A,Y,night,513.6,2.2,pass,none
S00256,A,X,day,508.7,1.58,pass,none
S01008,B,Y,night,497.6,1.67,pass,none
S00240,A,X,day,514.7,1.31,pass,none
S00449,A,Y,day,511.8,2.11,pass,none
S01305,C,X,day,502.6,1.68,pass,none
S00727,B,X,night,478.8,1.37,fail,crack
S01352,C,X,day,514.5,1.51,pass,none
S00715,B,X,day,505.9,1.86,pass,none
S01468,C,X,night,510.9,1.91,pass,none
S01037,B,Y,night,511.2,1.85,pass,none
S01228,C,X,night,511.8,1.84,pass,none
S00565,A,Y,day,507.8,1.11,pass,none
S01466,C,X,day,534.1,1.41,pass,none
S00107,A,X,day,503.2,2.21,fail,porosity
S01268,C,X,day,521.2,1.42,pass,none
S00348,A,Y,night,494.4,2.31,fail,inclusion
S00962,B,Y,day,510.3,2.01,fail,crack
S01348,C,X,night,524.5,1.69,pass,none
S00677,B,X,day,494.9,1.0,fail,crack
S01506,C,Y,day,535.6,2.16,pass,none
S01407,C,X,day,518.9,1.96,pass,none
S00108,A,X,day,510.3,1.4,pass,none
S00681,B,X,night,504.0,1.69,pass,none
S01185,B,Y,night,495.9,1.02,pass,none
S01111,B,Y,night,497.2,1.87,fail,crack
S01725,C,Y,night,506.5,1.31,fail,crack
S01442,C,X,night,524.0,1.64,fail,porosity
S00896,B,X,night,498.8,1.74,pass,none
S00899,B,X,night,494.0,2.05,pass,none
S01100,B,Y,day,530.3,1.26,pass,none
S01743,C,Y,day,525.2,1.78,fail,porosity
S00920,B,Y,day,475.6,1.52,fail,porosity
S01380,C,X,night,505.6,2.25,fail,porosity
S01282,C,X,day,516.5,1.41,pass,none
S01263,C,X,night,520.7,1.99,pass,none
S00592,A,Y,night,486.8,2.35,fail,crack
S00923,B,Y,day,508.7,1.37,pass,none
S00076,A,X,night,498.3,1.28,pass,none
S01231,C,X,night,516.7,1.68,pass,none
S01690,C,Y,night,537.7,2.17,pass,none
S00961,B,Y,night,516.1,0.94,pass,none
S00433,A,Y,day,532.9,1.3,pass,none
S00989,B,Y,night,504.3,0.39,fail,porosity
S01723,C,Y,night,514.9,1.89,pass,none
S00787,B,X,night,499.0,1.41,pass,none
S00299,A,X,day,484.8,2.14,fail,crack
S00950,B,Y,day,506.4,1.45,pass,none
S01354,C,X,day,502.3,1.19,pass,none
S00480,A,Y,day,511.5,1.11,fail,crack
S01230,C,X,night,529.6,1.99,pass,none
S01394,C,X,day,518.5,0.3,pass,none
S00272,A,X,night,486.0,1.89,fail,inclusion
S01160,B,Y,day,513.6,1.28,pass,none
S01194,B,Y,day,517.6,1.93,pass,none
S01593,C,Y,night,514.5,1.85,pass,none
S00790,B,X,day,493.8,1.36,fail,porosity
S01103,B,Y,day,507.7,1.91,pass,none
S01467,C,X,day,521.9,2.63,pass,none
S01674,C,Y,night,534.8,1.39,fail,crack
S01244,C,X,night,532.9,1.28,pass,none
S01533,C,Y,night,512.3,1.31,pass,none
S01052,B,Y,night,520.8,1.54,pass,none
S01770,C,Y,day,517.8,1.88,pass,none
S00252,A,X,night,513.0,1.58,pass,none
S01003,B,Y,night,507.7,0.95,pass,none
S01109,B,Y,day,493.9,1.97,pass,none
S00857,B,X,night,499.7,0.7,pass,none
S00893,B,X,night,491.9,1.41,pass,none
S01705,C,Y,night,518.1,1.55,pass,none
S01794,C,Y,day,513.1,1.21,pass,none
S00032,A,X,day,499.5,1.42,pass,none
S01502,C,Y,day,532.0,2.5,fail,crack
S00563,A,Y,day,508.6,1.59,pass,none
S00546,A,Y,day,510.9,1.16,pass,none
S00330,A,Y,day,525.2,0.79,pass,none
S00731,B,X,night,492.7,1.63,fail,porosity
S01532,C,Y,night,525.8,1.69,pass,none
S01007,B,Y,day,505.4,1.24,pass,none
S00656,B,X,night,492.5,1.24,pass,none
S00994,B,Y,day,512.1,1.68,pass,none
S00114,A,X,day,496.1,1.79,pass,none
S00033,A,X,day,502.6,1.44,pass,none
S00939,B,Y,day,498.9,1.58,pass,none
S01619,C,Y,night,536.6,1.88,pass,none
S01793,C,Y,day,518.8,1.53,pass,none
S00483,A,Y,day,504.2,1.73,fail,porosity
S01694,C,Y,day,522.5,1.22,pass,none
S00932,B,Y,night,507.6,1.22,pass,none
S00356,A,Y,day,506.0,2.01,pass,none
S00001,A,X,night,487.8,1.13,pass,none
S01478,C,X,night,532.3,1.76,pass,none
S01716,C,Y,night,534.0,1.15,pass,none
S01638,C,Y,day,531.7,1.27,pass,none
S00639,B,X,day,502.9,1.23,pass,none
S00722,B,X,day,497.7,1.23,pass,none
S01061,B,Y,night,493.0,1.24,pass,none
S00284,A,X,day,493.4,1.8,fail,crack
S01324,C,X,day,521.1,1.16,pass,none
S01606,C,Y,day,545.7,1.17,pass,none
S00018,A,X,day,495.2,1.68,pass,none
S01239,C,X,night,532.6,1.72,pass,none
S01087,B,Y,night,519.6,2.3,fail,crack
S00173,A,X,day,505.0,1.7,pass,none
S01086,B,Y,night,502.0,1.58,pass,none
S01680,C,Y,night,510.8,2.02,pass,none
S01534,C,Y,day,532.2,1.84,pass,none
S00971,B,Y,night,498.6,1.54,pass,none
S00211,A,X,night,508.0,0.98,pass,none
S01416,C,X,day,527.1,0.86,pass,none
S00986,B,Y,night,495.7,0.54,pass,none
S00631,B,X,night,492.9,2.22,fail,crack
S00815,B,X,day,521.4,1.07,pass,none
S00641,B,X,night,497.8,1.26,fail,inclusion
S00991,B,Y,day,528.4,1.05,pass,none
S01504,C,Y,day,529.2,1.5,pass,none
S01310,C,X,day,507.6,1.07,pass,none
S01493,C,X,day,490.0,2.05,fail,inclusion
S01084,B,Y,day,499.4,1.89,fail,porosity
S00186,A,X,night,511.1,1.69,fail,porosity
S01583,C,Y,night,501.9,1.82,pass,none
S00167,A,X,night,481.7,1.95,fail,inclusion
S01699,C,Y,day,527.5,2.12,pass,none
S01138,B,Y,day,486.7,1.66,fail,porosity
S01225,C,X,day,511.7,1.89,fail,crack
S01530,C,Y,night,523.9,1.14,pass,none
S01207,C,X,night,521.4,1.57,pass,none
S01169,B,Y,night,499.5,1.75,fail,inclusion
S00777,B,X,day,499.9,1.94,pass,none
S01314,C,X,night,527.9,1.21,pass,none
S01114,B,Y,night,516.6,1.27,pass,none
S00747,B,X,day,501.7,0.82,pass,none
S00786,B,X,day,494.2,1.26,fail,porosity
S00086,A,X,day,517.2,1.69,pass,none
S01592,C,Y,day,521.6,1.98,pass,none
S01703,C,Y,night,530.1,1.57,pass,none
S01174,B,Y,night,517.5,1.5,fail,crack
S01756,C,Y,night,521.5,1.44,fail,crack
S00504,A,Y,night,518.0,1.77,pass,none
S00667,B,X,night,495.7,1.7,pass,none
S00209,A,X,day,484.5,1.74,fail,porosity
S00110,A,X,night,505.5,1.64,pass,none
S00055,A,X,day,504.6,1.25,pass,none
S00537,A,Y,day,500.2,1.12,pass,none
S00165,A,X,night,497.0,1.91,fail,porosity
S00103,A,X,night,520.2,1.99,pass,none
S00451,A,Y,day,491.6,0.97,pass,none
S00233,A,X,day,498.6,1.0,pass,none
S01728,C,Y,day,519.0,1.88,pass,none
S00353,A,Y,night,520.2,1.38,fail,crack
S01514,C,Y,day,509.0,1.73,pass,none
S01176,B,Y,day,498.6,2.2,pass,none
S01259,C,X,day,524.4,1.66,pass,none
S00633,B,X,night,497.6,1.87,pass,none
S01652,C,Y,day,529.1,0.92,pass,none
S01392,C,X,night,520.3,1.02,pass,none
S00346,A,Y,night,524.5,1.66,pass,none
S00866,B,X,day,518.4,2.06,pass,none
S01333,C,X,night,518.6,2.14,pass,none
S01126,B,Y,day,511.2,1.32,pass,none
S01487,C,X,night,490.9,2.08,fail,porosity
S00535,A,Y,day,514.4,2.24,pass,none
S01563,C,Y,day,508.6,1.15,fail,crack
S01320,C,X,day,521.5,1.36,pass,none
S00454,A,Y,day,516.3,1.94,pass,none
S00162,A,X,night,472.7,1.24,fail,porosity
S01376,C,X,night,515.9,1.62,pass,none
S01496,C,X,day,489.6,1.84,pass,none
S01350,C,X,night,534.2,1.7,pass,none
S00236,A,X,day,509.2,1.87,fail,porosity
S00951,B,Y,day,512.6,1.76,fail,porosity
S01677,C,Y,night,514.6,1.49,fail,porosity
S01383,C,X,day,523.6,1.63,pass,none
S00231,A,X,day,493.3,1.89,fail,porosity
S01760,C,Y,night,517.5,1.33,pass,none
S01215,C,X,night,511.4,2.08,fail,porosity
S01451,C,X,day,506.2,1.97,fail,porosity
S01077,B,Y,day,500.3,1.89,fail,crack
S01396,C,X,night,518.8,2.0,pass,none
S00720,B,X,night,516.7,1.85,pass,none
S00814,B,X,day,514.7,1.16,pass,none
S00701,B,X,day,497.5,1.44,pass,none
S01662,C,Y,night,510.6,1.99,pass,none
S01704,C,Y,night,537.6,1.07,pass,none
S00037,A,X,night,515.7,2.06,fail,porosity
S00770,B,X,night,486.7,1.82,fail,porosity
S00335,A,Y,day,505.7,2.47,fail,crack
S00163,A,X,night,506.9,2.01,fail,porosity
S01446,C,X,night,507.5,2.09,pass,none
S00714,B,X,night,506.1,1.45,pass,none
S00090,A,X,day,508.0,1.86,pass,none
S00995,B,Y,night,523.3,1.66,pass,none
S01020,B,Y,night,503.8,1.88,fail,crack
S01148,B,Y,night,511.0,1.54,pass,none
S00778,B,X,day,484.9,1.51,pass,none
S00072,A,X,night,497.2,0.79,pass,none
S00257,A,X,night,472.1,1.21,fail,porosity
S00737,B,X,night,493.7,1.9,pass,none
S00425,A,Y,day,504.2,1.6,pass,none
S00206,A,X,day,492.5,1.73,fail,inclusion
S00643,B,X,day,510.4,1.31,pass,none
S01090,B,Y,night,517.2,0.88,pass,none
S01539,C,Y,night,522.6,1.87,pass,none
S00264,A,X,day,490.9,1.69,pass,none
S01290,C,X,day,522.1,1.7,pass,none
S00576,A,Y,night,498.2,1.24,pass,none
S00607,B,X,night,465.7,2.03,fail,porosity
S00557,A,Y,night,510.7,1.11,pass,none
S00125,A,X,day,495.1,2.08,pass,none
S00452,A,Y,night,517.9,0.91,pass,none
S00637,B,X,night,492.9,1.52,pass,none
S00130,A,X,night,501.4,1.24,pass,none
S00440,A,Y,night,500.7,1.7,pass,none
S01119,B,Y,night,498.3,2.54,pass,none
S00673,B,X,day,527.2,1.64,pass,none
S01355,C,X,night,508.8,1.78,pass,none
S01088,B,Y,day,490.8,1.08,pass,none
S00549,A,Y,night,490.0,1.1,pass,none
S00056,A,X,day,495.2,1.47,fail,porosity
S01374,C,X,night,496.1,1.68,fail,porosity
S00282,A,X,night,494.5,1.49,pass,none
S01595,C,Y,day,541.1,1.4,pass,none
S01737,C,Y,night,530.7,2.01,pass,none
S00467,A,Y,day,518.6,0.88,fail,porosity
S00750,B,X,night,496.5,1.27,fail,inclusion
S00242,A,X,night,502.1,0.87,pass,none
S00484,A,Y,night,513.7,2.03,fail,porosity
S01162,B,Y,day,521.0,1.68,pass,none
S01724,C,Y,day,514.6,1.88,pass,none
S00729,B,X,day,505.1,1.2,fail,crack
S00957,B,Y,night,525.0,1.92,pass,none
S01769,C,Y,day,530.7,2.17,fail,crack
S01168,B,Y,day,497.6,1.89,pass,none
S00279,A,X,day,500.0,1.07,pass,none
S00283,A,X,night,519.1,1.61,pass,none
S00789,B,X,night,497.5,1.44,fail,porosity
S00879,B,X,night,495.5,1.56,pass,none
S00823,B,X,night,503.5,2.1,pass,none
S00439,A,Y,day,512.3,1.71,pass,none
S00668,B,X,day,494.1,1.59,pass,none
S00315,A,Y,night,484.9,1.71,fail,porosity
S01260,C,X,night,501.0,2.1,fail,porosity
S00321,A,Y,night,520.4,1.4,fail,porosity
S01367,C,X,day,513.0,1.76,pass,none
S00768,B,X,night,488.5,1.25,fail,crack
S00101,A,X,night,484.3,1.48,fail,porosity
S01330,C,X,night,527.8,1.49,pass,none
S01553,C,Y,day,509.4,1.81,pass,none
S01559,C,Y,day,504.9,1.84,pass,none
S01019,B,Y,day,501.3,1.07,pass,none
S00412,A,Y,day,521.7,1.58,pass,none
S00094,A,X,night,498.2,1.51,fail,crack
S00669,B,X,day,496.0,1.94,pass,none
S00081,A,X,night,498.5,1.67,fail,porosity
S00458,A,Y,night,479.4,1.54,pass,none
S01140,B,Y,night,492.8,1.85,pass,none
S00659,B,X,day,491.9,1.55,pass,none
S01298,C,X,day,515.1,1.35,pass,none
S01274,C,X,day,496.2,2.16,fail,crack
S01631,C,Y,night,541.4,0.88,pass,none
S00579,A,Y,day,509.7,2.23,fail,porosity
S00935,B,Y,day,497.7,1.63,pass,none
S01180,B,Y,day,498.7,1.42,pass,none
S00509,A,Y,day,529.1,1.54,pass,none
S00863,B,X,night,478.6,2.03,fail,inclusion
S00676,B,X,day,502.8,2.49,pass,none
S00176,A,X,night,496.2,1.23,pass,none
S01133,B,Y,night,505.3,1.56,fail,crack
S01629,C,Y,day,521.0,1.72,pass,none
S00065,A,X,night,498.3,1.74,fail,porosity
S00266,A,X,night,513.5,1.22,pass,none
S00599,A,Y,night,493.8,1.01,fail,crack
S00732,B,X,day,504.5,1.16,pass,none
S00066,A,X,day,482.9,1.7,fail,porosity
S00015,A,X,night,474.4,1.27,fail,porosity
S01443,C,X,night,544.8,1.38,fail,crack
S01655,C,Y,day,505.4,1.49,pass,none
S01500,C,Y,day,521.8,1.67,pass,none
S01345,C,X,day,518.5,2.37,pass,none
S01774,C,Y,day,519.7,1.58,pass,none
S01196,B,Y,night,526.9,1.39,pass,none
S00238,A,X,night,469.9,1.83,fail,porosity
S01157,B,Y,night,498.2,1.11,pass,none
S00008,A,X,day,509.9,1.1,pass,none
S00069,A,X,night,510.6,1.36,pass,none
S01518,C,Y,day,518.9,1.56,pass,none
S01173,B,Y,night,523.2,1.44,pass,none
S00134,A,X,day,496.0,1.46,pass,none
S01181,B,Y,night,512.1,1.8,pass,none
S00670,B,X,night,503.0,0.72,fail,crack
S00341,A,Y,day,521.5,0.81,pass,none
S01223,C,X,day,530.2,1.58,pass,none
S01414,C,X,day,521.0,2.27,pass,none
S00399,A,Y,night,528.8,1.29,pass,none
S00846,B,X,night,471.6,0.96,pass,none
S01473,C,X,night,523.1,2.28,fail,crack
S01470,C,X,day,497.1,2.11,pass,none
S00034,A,X,night,507.5,1.43,fail,porosity
S01696,C,Y,night,536.8,1.72,pass,none
S00744,B,X,day,490.0,1.69,fail,porosity
S00473,A,Y,day,516.3,1.46,pass,none
S00754,B,X,day,474.9,1.41,pass,none
S01587,C,Y,night,529.8,1.37,pass,none
S00515,A,Y,night,503.9,1.82,fail,crack
S00241,A,X,night,487.3,1.24,fail,porosity
S01183,B,Y,day,525.0,1.72,pass,none
S01341,C,X,day,527.6,1.09,pass,none
S00577,A,Y,day,512.2,1.43,pass,none
S01251,C,X,night,530.7,1.38,pass,none
S01303,C,X,day,491.2,1.49,pass,none
S00221,A,X,night,503.6,1.14,pass,none
S00301,A,Y,night,503.0,2.06,fail,crack
S01172,B,Y,day,511.3,1.75,pass,none
S01342,C,X,night,502.5,1.48,pass,none
S01277,C,X,day,513.0,1.08,pass,none
S01771,C,Y,day,521.9,1.49,pass,none
S01080,B,Y,day,514.7,1.32,pass,none
S00406,A,Y,night,500.5,2.1,fail,porosity
S00175,A,X,night,490.0,1.42,pass,none
S00772,B,X,night,508.9,1.37,pass,none
S00182,A,X,night,499.9,1.75,pass,none
S01742,C,Y,night,548.5,2.09,pass,none
S01159,B,Y,day,514.7,1.39,pass,none
S00817,B,X,day,511.0,1.8,pass,none
S00402,A,Y,day,499.2,0.52,fail,porosity
S01548,C,Y,day,480.4,0.74,fail,crack
S01047,B,Y,night,515.1,1.06,pass,none
S01217,C,X,night,530.0,1.72,pass,none
S00890,B,X,day,496.9,1.89,fail,crack
S00674,B,X,day,501.6,1.48,pass,none
S01515,C,Y,night,540.8,1.0,pass,none
S00936,B,Y,day,498.2,1.53,fail,crack
S00024,A,X,day,511.3,2.11,fail,crack
S00135,A,X,day,507.4,1.7,pass,none
S00438,A,Y,day,496.7,1.69,pass,none
S00977,B,Y,day,496.6,1.97,pass,none
S01485,C,X,night,494.8,0.96,pass,none
S00207,A,X,day,484.5,2.23,pass,none
S00058,A,X,day,483.5,1.77,fail,porosity
S00368,A,Y,day,490.6,1.19,pass,none
S00000,A,X,night,493.1,1.47,pass,none
S00226,A,X,day,499.4,1.99,pass,none
S01796,C,Y,day,512.0,2.18,pass,none
S00839,B,X,day,488.1,1.17,pass,none
S00859,B,X,night,516.9,1.71,pass,none
S00113,A,X,night,507.7,1.91,pass,none
S01249,C,X,day,511.3,1.13,pass,none
S01163,B,Y,day,495.9,1.47,fail,inclusion
S01634,C,Y,day,506.4,1.66,fail,inclusion
S01625,C,Y,night,505.2,1.61,pass,none
S01550,C,Y,night,519.0,1.1,fail,porosity
S00501,A,Y,day,528.4,2.14,pass,none
S00571,A,Y,night,508.5,1.32,pass,none
S00904,B,Y,day,498.6,2.26,fail,crack
S01604,C,Y,night,522.0,2.03,fail,crack
S00274,A,X,day,495.3,1.68,fail,crack
S00709,B,X,night,485.7,1.7,fail,crack
S00421,A,Y,night,513.2,1.03,fail,inclusion
S01059,B,Y,night,483.4,1.35,fail,crack
S01490,C,X,night,506.3,1.75,pass,none
S00138,A,X,night,473.6,1.4,fail,porosity
S00038,A,X,day,489.5,2.03,pass,none
S00824,B,X,night,484.3,1.77,fail,crack
S01691,C,Y,day,520.4,1.36,fail,crack
S00070,A,X,night,504.5,2.06,pass,none
S00518,A,Y,night,500.0,1.67,pass,none
S00760,B,X,day,483.0,0.87,fail,porosity
S01145,B,Y,night,485.2,1.46,fail,crack
S01272,C,X,night,544.6,1.22,pass,none
S00280,A,X,day,518.1,1.38,pass,none
S00216,A,X,day,490.7,1.19,fail,porosity
S00151,A,X,night,499.6,1.25,pass,none
S00618,B,X,day,475.7,2.6,fail,porosity
S01049,B,Y,night,511.5,1.28,pass,none
S00290,A,X,day,497.2,0.98,pass,none
S00913,B,Y,night,500.2,1.59,pass,none
S01030,B,Y,night,520.8,2.27,fail,porosity
S01730,C,Y,night,522.0,1.87,fail,crack
S01038,B,Y,night,489.5,1.04,pass,none
S01121,B,Y,day,521.3,1.21,pass,none
S01369,C,X,day,522.3,1.68,pass,none
S00388,A,Y,night,477.8,1.08,pass,none
S01395,C,X,day,503.9,1.23,fail,porosity
S00200,A,X,day,503.5,1.35,pass,none
S00693,B,X,night,488.9,1.15,pass,none
S00201,A,X,night,495.4,1.84,pass,none
S00704,B,X,night,488.2,1.62,fail,porosity
S01633,C,Y,night,518.3,1.3,pass,none
S00873,B,X,day,510.3,1.98,pass,none
